Date,XLY,XLV,XLU,XLB,XLE,XLF,XLI,XLK,XLP,INDEX
12/25/1998,26.0469,25.75,30.25,21.5313,23.625,19.3362,24,32.6875,27.0938,230.3207
1/1/1999,26.125,26,30.2344,21.9219,23.3438,19.0317,24.5625,32.625,27.1563,231.0006
1/8/1999,27.1563,26.9844,30.4844,23.1719,23.9688,20.2497,25.2188,34.875,27.0469,239.1562
1/15/1999,26.1719,26.8281,29.5313,22.0781,22.7188,19.1839,24.3594,34.7813,26.125,231.7778
1/22/1999,26.4688,26.6719,30.5,21.0781,22.5938,18.7525,23.5313,34.75,25.3906,229.737
1/29/1999,27.4688,27.25,29.4844,21.1094,21.8125,19.3615,24.2969,37.8125,26.7969,235.3929
2/5/1999,26.7813,27,28.7656,22.2344,22.875,18.3719,24.3281,35.3125,26.2813,231.9501
2/12/1999,26.75,26.875,28.3438,21.4219,22.1563,18.6764,24.3594,34.7813,26.1719,229.536
2/19/1999,27.1719,27.2656,28.8594,21.3281,21.7188,19.2854,24.6406,34.3438,26.3906,231.0042
2/26/1999,27.2969,27.2813,28.6719,21.4375,21.625,19.666,24.5156,34.0625,26.5156,231.0723
3/5/1999,28.6563,28.1563,28.7656,21.625,22.8594,20.5542,25.1719,34.6875,27.0781,237.5543
3/12/1999,29.2188,28.25,28.7969,22.0156,24.5,21.0998,25.5,34.9375,27.4375,241.7561
3/19/1999,29.0625,28.3906,28.2031,22.3281,24.7813,20.7064,25.3438,35.5,27.625,241.9408
3/26/1999,28.3125,27.9063,27.3281,21.75,24.75,20.2751,24.8281,35.7813,26.9219,237.8533
4/2/1999,28.5625,28,27.25,22,24.5625,20.3004,25.2031,37.1719,26.4844,239.5348
4/9/1999,30.2813,29.5938,28.2188,22.3125,25.375,21.4423,25.8125,39,26.9688,249.005
4/16/1999,29.7188,28.7188,28.3438,25.5938,27.1406,21.214,28.0781,36.1875,26.1406,251.136
4/23/1999,30.3438,30.3906,29.3438,25.625,26.75,21.9752,28.4531,38,26.6094,257.4909
4/30/1999,29.3438,29,29.2656,27.125,28.2344,21.6707,28.6875,36.8125,25.5156,255.6551
5/7/1999,29.4688,29.2813,29.4219,28.2031,28.6406,21.417,30,37,26.0156,259.4483
5/14/1999,29.4688,29.25,29.3594,27.1094,27.8125,21.417,29.125,37.5,25.75,256.7921
5/21/1999,28.7813,29.1563,29.5781,26.3594,28.1875,20.8841,28.8594,37.5625,25.9219,255.2905
5/28/1999,28.0156,28.1094,29.6094,24.6563,27.625,20.3639,28.125,36.9375,25.25,248.6921
6/4/1999,29,29,29.75,26.25,28.3125,20.3004,29.1094,37.3281,26.0625,255.1129
6/11/1999,27.8125,27.9688,29.7813,25.9531,28.625,19.9198,28.7656,36.625,24.625,250.0761
6/18/1999,28.4375,29,30.5938,27,28.875,20.8079,30.0313,39.0625,25.0469,258.8549
6/25/1999,28.1875,28.375,29.6719,25.6875,27.4375,20.2243,29.0938,38.7344,24.5469,251.9588
7/2/1999,30.0938,29.4375,30.5469,26.7813,28.3594,21.417,29.9688,41.4688,25.875,263.9485
7/9/1999,29.8125,29.625,30.4844,26.7344,28.9844,21.4677,29.9219,42.7344,25.6719,265.4366
7/16/1999,30.0313,29.8438,31.2344,26.2344,29.125,21.417,29.9531,43.8438,25.875,267.5578
7/23/1999,28.3125,28.8125,31.0156,26,28.2813,20.5542,29.6563,40.6875,25.0781,258.398
7/30/1999,27.5625,28.4688,30.7344,25.7031,28.5781,19.8944,28.7188,40.0156,24.6406,254.3163
8/6/1999,26.0313,27.375,30.6875,26.1875,29.1563,18.854,28.4844,39.625,24.0313,250.4323
8/13/1999,27.0938,27.5938,30.3281,26.7188,29.8438,19.6407,29.0156,40.5,24.25,254.9846
8/20/1999,27.375,27.9375,29.8125,26.6563,29.8438,20.0721,29.1719,40.0625,24.8125,255.7441
8/27/1999,27.4063,27.9531,29.9063,25.6563,28.8906,19.6914,29.6406,41.75,25.25,256.1446
9/3/1999,26.9375,27.7969,29.5156,25.1875,28.8438,19.6914,29.4844,43,25.375,255.8321
9/10/1999,26.9688,27.9688,29.1094,25.3438,30.0313,18.9428,29.6094,43.5625,24.875,256.4118
9/17/1999,26.2813,28.1719,29.4219,24.5469,28.9375,18.6003,29.3281,43.1875,24.2969,252.7723
9/24/1999,25.5313,26.5469,28.7344,22.8594,27,18.0674,28.0469,41.0938,23.2656,241.1457
10/1/1999,26.2188,26.7188,29.5781,23.8125,27.3438,17.6614,28.3594,41,23.125,243.8178
10/8/1999,28.1094,27.4844,29.5,24.2969,26.1094,18.8794,29.3906,42.5156,24.4688,250.7545
10/15/1999,26.3281,25.7969,28.5,23.4375,26.3281,16.9509,27.3438,39.8594,22.7656,237.3103
10/22/1999,27.7031,26.6875,28.3281,24.0625,27.5781,19.0317,27.4844,39.875,24.5938,245.3442
10/29/1999,28.3906,28.1719,29.9375,24.2656,27.0313,20.7572,28.125,42.5,24.8281,254.0072
11/5/1999,28.2813,28.1406,29.6875,24.4844,25.5625,21.1378,27.625,43.6719,25.0938,253.6848
11/12/1999,28.7188,29.0625,29.5625,24.3438,27.875,21.0617,27.875,45.25,24.8125,258.5618
11/19/1999,28.5,29.3125,29.375,24.7031,28.3438,20.7826,28.625,47.5469,25,262.1889
11/26/1999,28.5625,28.6875,28.9219,24.1719,27.25,19.9959,28.0938,48.5313,25.25,259.4648
12/3/1999,28.9531,29.25,29.4844,24.6406,27.125,20.2497,28.1094,49.625,25.1094,262.5466
12/10/1999,29.0938,29.8906,29.0781,24.7813,26.3125,19.8183,27.7344,49.6875,23.7188,260.1153
12/17/1999,30.1875,30.25,29.0625,26.2031,27,18.7272,28.5313,51.5625,23,264.5241
12/24/1999,30.0781,30.4375,28.8281,25.3906,27.0938,19.2347,28.3125,53.3438,23.3125,266.0316
12/31/1999,31.0625,30.8906,28.1406,26.5781,27.0938,19.2981,29.6094,53.875,23.0313,269.5794
1/7/2000,30.5625,29.7969,27.4844,27.4531,28.0781,18.7018,29.375,51,24.375,266.8268
1/14/2000,30.1406,32.0938,26.9688,26.5625,28.0625,19.425,29,52.875,24.1563,269.2845
1/21/2000,28.8906,31.9375,27.875,24.8594,29.0938,18.1435,28.3281,53.625,23.3281,266.081
1/28/2000,27,30.25,26.4219,23.4688,26.6875,18.2196,27,48.9375,22.8125,250.7978
2/4/2000,28.0625,31.6406,27.1094,23.4219,26.3125,18.3338,27.1094,54.125,22.7188,258.8339
2/11/2000,26.9844,30.6563,26.2344,21.7188,25.7188,17.4584,25.4688,54.375,21.5781,250.193
2/18/2000,25,28.2031,24.9844,21.7656,26.5156,16.4434,25.7969,53.625,21.2813,243.6153
2/25/2000,24.2813,27.3438,23.4375,21.0625,24.8125,16.0881,25.3281,55.2813,20.2031,237.8382
3/3/2000,25.8281,28.6406,26.2344,20.9688,26.875,17.0016,26.3438,58.5781,20.2656,250.736
3/10/2000,24.9688,27.8281,25.5781,20.375,27.75,16.2784,25.7813,59.75,19.5781,247.8878
3/17/2000,28.2656,29.3125,26.6406,22,27.7813,18.816,27.5938,59.875,21.0938,261.3786
3/24/2000,28.3594,31.2188,25.9375,22.5156,28.0313,20.1989,29.0469,63.9844,20.5781,269.8709
3/31/2000,29.2656,30.6719,26.7344,23.0469,29.3125,19.7041,29.2031,60.5625,21.2188,269.7198
4/7/2000,30.125,30.7656,27.7344,22.875,28.8594,19.4884,29.5781,60.5625,21.8125,271.8009
4/14/2000,28,27.7188,27.625,22.625,28.5,18.245,27.5938,49.5,21.7344,251.542
4/21/2000,29.2188,29.5938,27.625,22.5,28.6094,19.2347,28.7188,52.875,22.75,261.1255
4/28/2000,28.6563,30.3125,28.4844,22.2813,28.875,19.8944,29.625,55,22.3438,265.4727
5/5/2000,27.8281,28.8438,27.5625,22.7813,30.0625,18.7525,29.5625,53.4219,23.2188,262.0339
5/12/2000,28.6875,29.125,28.1563,23.1563,31.6094,19.3362,30.0938,50.125,23.3125,263.602
5/19/2000,28.1406,28.8438,27.8438,23.25,31.8125,19.6407,29.6875,48.5625,23.9844,261.7658
5/26/2000,26.2813,28.0313,28.0625,21.5313,30.8906,19.6914,28.7813,47.1875,24.3125,254.7697
6/2/2000,28.0625,30.0313,28.5313,22,30.875,21.8737,29.9531,53.8438,23.1719,268.3426
6/9/2000,26.3125,29.8125,29.1719,21.3125,31.1719,20.5034,29.1875,54.125,23.7344,265.3316
6/16/2000,25.8438,30.125,28.8438,21.375,31.75,19.4884,28.9844,54.375,24.2188,265.0042
6/23/2000,25.125,29.5,29,20.2344,31.4219,19.4377,27.5938,53.8281,24.0625,260.2034
6/30/2000,25.5938,29.5625,27.25,19.6406,30.3438,19.2854,28.2813,54.1875,25.2344,259.3793
7/7/2000,27.7188,29.875,28.6406,19.6563,29.7031,20.3512,28.4688,54.5,25.2031,264.1169
7/14/2000,28.2188,30.4063,28.2344,20.7031,30,20.9348,29.6875,56.9375,24.2813,269.4037
7/21/2000,27.625,29.4688,28,20,28.9375,20.9602,30,54.9375,24.125,264.054
7/28/2000,26.5313,28.8438,27.5938,19.7188,29.375,20.6303,28.2813,50.2813,24.5781,255.8337
8/4/2000,26.1406,30.2656,28.6406,19.9844,30,22.4954,29.2188,51.4688,25.0625,263.2767
8/11/2000,26.75,30.0938,28.2969,21,31.25,22.6223,30.875,51.875,24.4375,267.2005
8/18/2000,26.1563,30.125,28.0313,20.7969,32.375,22.3559,30.7188,54.1875,24.2813,269.028
8/25/2000,26.1094,30.2969,28,20.3125,32.625,22.1402,31.4063,55.2969,24.5313,270.7185
9/1/2000,25.4219,30.125,29.0938,20.0625,32.7031,22.7365,31.8438,56.5625,23.875,272.4241
9/8/2000,26.3281,29.1875,30.5,19.4688,32.875,23.5231,31.4375,53,23.7031,270.0231
9/15/2000,26.3594,29.1563,30.5313,18.375,33.9375,23.2567,30.375,50.7656,23.625,266.3818
9/22/2000,25.6406,28.375,30.2813,17.5,31.9844,22.8126,29.7188,49.25,24.9375,260.5002
9/29/2000,24.8906,29.0625,32.2813,18.1719,32.7656,23.5485,30.5625,46.375,24.9844,262.6423
10/6/2000,24.0156,29.3438,32.1875,18.5625,32.25,22.7872,30.25,44.4219,25.1719,258.9904
10/13/2000,22.3125,28.0156,31.6563,17.4688,33,21.62,29.7188,43.4375,25.2344,252.4639
10/20/2000,23,27.6875,31.6719,17.2344,33.0625,22.0513,29.4375,45.2813,25.5,254.9264
10/27/2000,22.9531,28.2969,32.625,18.1875,31.125,22.3432,29.8281,42.3594,26.2031,253.9213
11/3/2000,24.6406,29.8594,33.8125,19.5,31.625,23.2947,30.9688,44.3125,26.3438,264.3573
11/10/2000,22.9219,28.4531,34.125,19.4063,32.0625,23.0283,30.6563,38.75,27.3594,256.7628
11/17/2000,24.2188,28.125,33.5313,19.1406,32.4844,22.1782,30.7813,40,27,257.4596
11/24/2000,23.3438,27.1719,33.7188,19,33,21.2013,30.7188,38.625,27,253.7796
12/1/2000,24,27,33.4844,19.9063,30.875,22.026,30.4531,35.2031,27.2344,250.1823
12/8/2000,25.2656,28.1406,33.3438,20.375,30.9844,23.447,32.2344,37.6875,27.2813,258.7596
12/15/2000,23.7188,27.6875,33.625,19.9688,30.7969,22.5208,30.25,34.6875,27.2188,250.4741
12/22/2000,24.5,26.9531,32.1719,21.3594,32,23.4343,30.1563,32.7344,27.5,250.8094
12/29/2000,25.5938,27.25,33.1875,21.4219,33.1875,23.9545,31.25,31.3125,28.5625,255.7202
1/5/2001,27.0313,28.25,31.1875,21.375,31.9219,23.5993,30.5,32.5,26,252.365
1/12/2001,26.8438,29.4375,31.2188,19.7188,31.5156,22.9522,30.9063,35.0313,25.75,253.3743
1/19/2001,25.625,29.1406,31.25,19.5938,30.6094,22.8887,31.0313,38.0781,25.8125,254.0294
1/26/2001,27.0625,28.9844,31.125,19.9531,31.7813,23.9672,30.6719,37.375,26.3281,257.2485
2/2/2001,27.99,29.26,31.35,20.89,32.25,23.9951,30.86,35.64,26.88,259.1151
2/9/2001,26.75,29.25,32.02,20.6,33.92,23.6622,30.12,32.62,27.17,256.1122
2/16/2001,27.24,29.19,32.01,20.62,33.02,23.5891,30.08,31.99,26.63,254.3691
2/23/2001,26.43,28.38,31.94,20.25,32.04,22.095,29.5,29.33,26.28,246.245
3/2/2001,26.3,28.61,31.7,21.64,32.83,22.3467,29.45,27.8,26.64,247.3167
3/9/2001,27.5,28.59,31.48,22.52,34.07,22.3305,30.15,27.15,26.21,250.0005
3/16/2001,25.5,27.07,30.1,20.25,31.45,21.0719,27.01,25.44,24.31,232.2019
3/23/2001,25.18,25.8,28.95,19.75,30.53,20.4304,26.09,26.8,23.71,227.2404
3/30/2001,26.09,26.82,31.29,19.97,30.7,21.5509,26.59,24.8,24.72,232.5309
4/6/2001,25.98,26.59,30.57,20.47,30.64,20.6821,26.36,23.35,24.42,229.0621
4/13/2001,25.27,27.1,31.44,21.35,31.66,21.6159,27.85,26.54,24.45,237.2759
4/20/2001,27.11,28.98,31.68,21.83,32.06,22.2818,29.38,30,24.38,247.7018
4/27/2001,27.79,28.8,32.77,22.42,33.87,22.6959,29.94,28.37,25.06,251.7159
5/4/2001,27.75,28.86,32.6,22.69,32.69,22.9801,29.92,29.55,25.42,252.4601
5/11/2001,28,28.96,32.39,22.72,32.77,22.3711,30.09,28.5,25.18,250.9811
5/18/2001,28.58,30.1,33.3,24.38,34.68,23.0532,31.95,29.49,26.01,261.5432
5/25/2001,28.24,30.24,32.68,23.09,33.38,23.2887,31.16,29.65,25.4,257.1287
6/1/2001,27.85,29.81,32.75,23.14,33.4,23.2724,30.78,28.1,25.91,255.0124
6/8/2001,28.11,29.9,31.88,23.43,32.79,23.0938,30.71,29.03,25.83,254.7738
6/15/2001,26.98,28.9,30.82,22.23,32.39,22.3954,29.85,26.45,25.32,245.3354
6/22/2001,27.98,29.11,30.59,21.8,31.53,23.3861,29.5,26.4,25.12,245.4161
6/29/2001,27.67,29.55,31.15,22.06,30.35,23.0613,28.9,28.17,24.31,245.2213
7/6/2001,26.67,28.86,31.55,21.87,30.39,22.7121,28.73,25.9,24.23,240.9121
7/13/2001,28.66,29.16,31.63,22.39,29.67,22.8502,29,27.34,24.3,245.0002
7/20/2001,29.15,28.83,31.1,22.38,29.66,22.5984,29.25,26.3,25.28,244.5484
7/27/2001,28.7,29.17,30.77,21.67,30.32,22.6634,28.9,26.31,24.69,243.1934
8/3/2001,28.86,28.99,31.09,21.7,29.42,23.0045,29.18,26.9,25.08,244.2245
8/10/2001,28.18,28.6,30.76,21.73,28.98,22.5741,29.04,25.54,25.07,240.4741
8/17/2001,27.18,27.89,30,21.71,29.33,22.0706,28.37,24.13,25.46,236.1406
8/24/2001,27.28,28.81,30.34,22.25,29.62,22.1762,28.87,24.96,26,240.3062
8/31/2001,26.37,27.49,29.77,21.91,28.73,21.3317,27.85,23.02,25.17,231.6417
9/7/2001,24.63,26.07,29.63,20.96,28.78,20.2192,26.5,21.02,24.9,222.7092
9/14/2001,24.42,25.73,30.12,20.55,28.87,20.2598,26.45,21.47,25.45,223.3198
9/21/2001,21.05,21.96,29.13,17.65,25.08,17.7832,21.68,18.34,23.51,196.1832
9/28/2001,22.97,23.5,29.26,19.2,25.82,20.0406,23.67,19.25,25.06,208.7706
10/5/2001,24.1,23.9,29.91,19.58,27.2,19.8619,24.51,20.67,25.42,215.1519
10/12/2001,24.85,24.36,29.48,20.2,28.31,19.8863,25.06,21.92,25.35,219.4163
10/19/2001,24.06,23.49,29.53,19.71,26.95,19.7483,24.34,21.23,25.6,214.6583
10/26/2001,25.04,24.26,28.26,20.68,28.01,20.7064,25.7,22.58,25.62,220.8564
11/2/2001,25,24.08,28.06,20.46,26.53,20.1868,24.97,22.12,25.44,216.8468
11/9/2001,25.8,24.67,28.64,21.04,27.35,20.8851,25.82,23.53,25.39,223.1251
11/16/2001,26.85,26.05,28.47,21.86,25.3,21.0719,26.62,24.45,25.68,226.3519
11/23/2001,27.45,26.35,28.22,22.27,26.07,21.5185,26.87,24.39,26.13,229.2685
11/30/2001,27.4,26.36,27.37,22.22,25.36,21.0394,26.5,24.54,26,226.7894
12/7/2001,28.11,27.59,27.7,22.17,25.98,21.4535,27.19,25.6,25.82,231.6135
12/14/2001,27.51,26.4,27.15,21.2,25.1,20.7064,26.32,24.52,24.75,223.6564
12/21/2001,28.43,26.48,27.56,21.43,25.9,21.2667,27.77,24.2,25.76,228.7967
12/28/2001,29.04,27.37,28.02,21.69,27,21.5591,28.05,24.56,25.55,232.8391
1/4/2002,29.07,27.62,28.45,22.4,26.46,21.7621,27.7,25.84,25.16,234.4621
1/11/2002,28.26,27.55,27.83,21.25,25.55,21.3155,26.56,25.1,25.03,228.4455
1/18/2002,28,26.97,27.65,20.07,24.9,21.4697,25.68,24.03,25.15,223.9197
1/25/2002,28.5,27.05,27.22,21.59,26.05,21.6565,26.29,23.78,25.1,227.2365
2/1/2002,29.24,26.7,27.08,21.82,25.89,20.8526,25.75,23.3,25.25,225.8826
2/8/2002,28.4,27.25,26.42,21.78,25.19,20.5278,24.89,22.25,24.94,221.6478
2/15/2002,29.2,27.35,26.77,22.5,25.78,20.5197,25.39,21.85,25.5,224.8597
2/22/2002,29.19,27.6,26.47,22.8,26.48,19.9756,25.84,20.48,25.79,224.6256
3/1/2002,29.98,28.51,27.55,23.42,27.01,21.0313,27.22,21.69,26.25,232.6613
3/8/2002,30.35,29.24,28.2,23.54,28.22,22.03,28.49,23.29,25.91,239.27
3/15/2002,30.55,29.62,27.91,23.71,28.68,22.4117,28.07,22.16,26.43,239.5417
3/22/2002,30.05,29.51,27.97,23.33,28.42,22.0057,27.23,21.75,26.16,236.4257
3/29/2002,30.04,29.59,28.18,23.71,28.89,22.0463,27.24,21.67,26.1,237.4663
4/5/2002,29.3,29.53,27.94,23.17,27.97,22.0625,26.93,20.7,25.38,232.9825
4/12/2002,30.45,29.56,27.07,23.36,27.1,22.0706,26.82,19.8,25.65,231.8806
4/19/2002,30.05,30.36,27.13,23.6,28.77,22.2493,26.47,20.55,25.83,235.0093
4/26/2002,29.45,29.8,26.31,22.61,27.8,21.421,25.21,18.8,25.28,226.681
5/3/2002,29.23,29.65,26.4,23.26,28.33,21.7377,25.54,17.97,25.25,227.3677
5/10/2002,28.62,29.07,25.55,23.49,27.53,21.2261,25.05,18,24.86,223.3961
5/17/2002,30.25,30.27,25.96,24.11,27.76,22.1924,26.26,19.94,25.16,231.9024
5/24/2002,29.32,29.71,26.96,24.09,27.98,21.7377,25.95,18.9,24.84,229.4877
5/31/2002,29.05,29.82,26.25,23.71,27.36,21.421,25.47,18.26,24.85,226.191
6/7/2002,28.28,29.3,25.18,23.05,26.39,20.674,24.13,17.36,23.98,218.344
6/14/2002,28,27.81,25.01,22.63,25.81,20.2436,23.84,16.84,23.61,213.7936
6/21/2002,27.62,27.27,24.6,22.67,25.72,20.2517,23.69,15.7,22.99,210.5117
6/28/2002,27.47,27.68,24.25,23.19,26.2,20.4141,23.85,15.82,22.25,211.1241
7/5/2002,27.66,26.83,23.38,22.94,26.2,20.2436,23.94,16.06,22.46,209.7136
7/12/2002,25.44,24.9,21.12,21.54,23.57,18.9606,22.35,15.42,20.79,194.0906
7/19/2002,22.68,22.67,18.83,19.6,21.4,17.4421,20.68,14.84,18.88,177.0221
7/26/2002,23.13,24.83,18.75,20.31,21.3,17.2391,20.97,13.39,20.45,180.3691
8/2/2002,22.41,25.92,19.98,19.57,21,17.7913,21.2,13.4,21.06,182.3313
8/9/2002,23.25,27.21,21.02,20.84,22.55,18.9768,22.53,14.05,21.86,192.2868
8/16/2002,24.85,27.24,21.12,20.28,23.3,19.1474,22.38,15,21.99,195.3074
8/23/2002,25.34,27.86,22.15,20.53,23.22,19.2205,22.66,15.19,21.79,197.9605
8/30/2002,24.92,27.14,21.5,20.45,22.91,19.0662,22.15,14.2,21.47,193.8062
9/6/2002,24.78,26.5,20.72,19.78,22.35,18.4734,21.48,13.9,21.16,189.1434
9/13/2002,25.05,26.64,20,19.79,22.36,18.1648,21.08,13.9,21.37,188.3548
9/20/2002,24.33,25.62,18.59,18.93,21.27,16.8088,20.41,12.83,20.4,179.1888
9/27/2002,23.52,25.5,18.42,17.97,21.58,16.7682,19.71,12.24,20,175.7082
10/4/2002,22.38,25.27,17.46,17.55,21.36,15.6801,19,11.9,20,170.6001
10/11/2002,22.78,26.31,16.48,18.09,21.28,16.7357,19.48,12.96,20.44,174.5557
10/18/2002,24.26,27.91,16.34,18.95,22.63,18.2542,20.4,13.78,20.85,183.3742
10/25/2002,25.13,27.34,17.65,19.02,21.75,18.514,20.76,14.53,20.83,185.524
11/1/2002,24.56,27.13,18.33,19.1,22.12,18.579,20.75,15.2,20.82,186.589
11/8/2002,24.13,27.77,17.92,19,21.85,18.0593,20.59,15.2,20.29,184.8093
11/15/2002,25.05,27.78,18.15,19.3,21.88,18.6764,20.45,15.79,20.33,187.4064
11/22/2002,25.07,27.8,19.02,19.83,22.02,19.1392,21.38,16.77,20.09,191.1192
11/29/2002,25.32,27.69,18.77,20.95,22.44,19.0012,21.55,17.1,19.99,192.8112
12/6/2002,24.5,27.47,18.19,20.17,22.9,18.5465,21.03,16.09,20.21,189.1065
12/13/2002,23.52,26.98,19,19.76,22.87,18.1892,20.54,15.28,20.18,186.3192
12/20/2002,23.48,26.68,19.25,19.99,22.94,18.3922,20.82,15.35,20.01,186.9122
12/27/2002,22.75,26.19,19.14,19.7,22.18,17.7994,20.29,15.03,19.9,182.9794
1/3/2003,23.43,27.55,19.8,20.25,22.76,18.4978,21.19,15.66,20.3,189.4378
1/10/2003,24.22,27.51,20.28,20.57,22.09,19.0824,21.23,16.54,20.41,191.9324
1/17/2003,23.75,27.1,19.71,20.19,22.22,18.7576,20.66,15.22,20.5,188.1076
1/24/2003,22.63,26.32,18.98,19.36,21.32,17.7263,19.51,14.68,19.53,180.0563
1/31/2003,22.34,26.46,18.7,18.85,21.77,17.637,19.48,14.45,19.26,178.947
2/7/2003,21.65,25.75,17.9,18.46,21.64,16.7763,19.15,14.04,18.92,174.2863
2/14/2003,21.75,25.32,17.58,18.36,21.47,16.9387,19,14.43,19.05,173.8987
2/21/2003,22.16,25.79,18,18.71,22.23,17.2554,19.5,14.75,18.95,177.3454
2/28/2003,22.24,25.87,17.7,18.35,22.41,17.093,19.18,14.52,18.67,176.033
3/7/2003,21.63,26,17.95,17.7,22.6,16.8088,18.83,14,18.12,173.6388
3/14/2003,22.05,25.45,17.91,18.12,21.8,16.7113,19.05,14.61,18.51,174.2113
3/21/2003,24.28,27.34,18.74,19.66,22.38,17.9618,20.58,15.53,19.49,185.9618
3/28/2003,23.21,27.03,18.49,18.68,22.68,17.2635,19.62,14.7,18.75,180.4235
4/4/2003,23.89,27.53,18.7,18.88,22.39,17.8563,20.05,14.88,18.85,183.0263
4/11/2003,23.82,26.78,18.64,18.61,22.11,17.8075,19.94,14.41,18.92,181.0375
4/18/2003,24.73,26.67,19.14,19.32,22.3,18.5465,20.5,15.21,19.1,185.5165
4/25/2003,24.72,27.21,19.72,19.43,22.24,18.5871,20.74,15.31,18.84,186.7971
5/2/2003,25.4,28.1,19.88,20.16,22.59,19.2692,21.37,16.09,19.25,192.1092
5/9/2003,25.67,28.16,20,20.27,23.03,19.1149,21.45,16.32,19.43,193.4449
5/16/2003,25.93,28.65,21.02,20.33,23.59,19.5128,21.6,16.5,19.4,196.5328
5/23/2003,25.61,27.74,21.9,20.22,24.12,19.1717,21.28,16.14,19.64,195.8217
5/30/2003,26.74,28.17,22.01,20.66,24.48,19.9431,21.98,16.95,20.06,200.9931
6/6/2003,27.38,29.19,22.1,21.23,24.77,20.6415,22.77,17.2,20.32,205.6015
6/13/2003,27.46,29.32,22.32,21.12,24.94,20.5765,22.85,17,20.36,205.9465
6/20/2003,27.38,30.2,22.52,21.09,24.45,20.341,22.92,17.52,20.29,206.711
6/27/2003,26.92,29.52,22.02,20.74,24.2,20.0081,22.35,17.12,20.13,203.0081
7/4/2003,27.25,29.59,22,20.79,23.96,20.3248,22.48,17.46,20.34,204.1948
7/11/2003,27.89,29.65,21.45,20.74,23.71,20.7633,22.63,18.01,20.3,205.1433
7/18/2003,27.65,29.42,20.92,21,23.76,20.8364,22.6,17.55,20.26,203.9964
7/25/2003,27.75,29.12,21,22.15,23.43,21.1287,23.22,17.75,20.23,205.7787
8/1/2003,27.56,28.45,20.55,22.13,23.14,20.3979,22.95,17.51,19.93,202.6179
8/8/2003,27.48,28.57,20.64,21.97,23.85,20.5603,22.74,16.99,20.18,202.9803
8/15/2003,28.2,28.1,20.76,22.45,24.28,20.7876,23.55,17.37,20.42,205.9176
8/22/2003,28.39,27.48,20.72,22.71,24.13,20.341,23.95,18.16,20.17,206.051
8/29/2003,29,27.82,21.05,22.98,24.68,20.5603,24.03,18.44,20.47,209.0303
9/5/2003,29.19,28.13,21.48,22.96,24.7,20.7795,24.29,19.12,20.63,211.2795
9/12/2003,28.4,28.98,21.66,23.06,24.49,20.6577,24.06,18.93,20.61,210.8477
9/19/2003,28.89,28.79,21.75,22.9,24.25,21.2911,24.4,19.56,20.71,212.5411
9/26/2003,27.73,27.81,21.71,21.83,23.93,20.5522,23.27,18.4,20.41,205.6422
10/3/2003,28.81,28.37,22.19,22.63,24.7,21.3561,24.1,19.21,20.85,212.2161
10/10/2003,29.36,28.06,21.98,22.82,24.9,21.6078,24.14,19.54,20.99,213.3978
10/17/2003,29.41,27.95,21.86,23.05,24.63,21.8514,24.24,19.42,21.05,213.4614
10/24/2003,29.09,27.95,21.9,22.87,24.32,21.6646,24.05,19.03,20.91,211.7846
10/31/2003,30.09,28,22.05,23.91,24.28,22.0625,24.73,19.62,21.24,215.9825
11/7/2003,30.41,27.6,21.81,23.99,24.21,22.0057,24.94,20.05,21.4,216.4157
11/14/2003,29.86,29.03,21.83,23.8,24.57,21.7702,24.82,19.72,21.15,216.5502
11/21/2003,29.5,28.34,21.44,23.46,23.97,21.5591,24.69,19.28,21.1,213.3391
11/28/2003,30.36,28.6,22.1,24.45,24.47,21.9813,25.22,19.9,21.49,218.5713
12/5/2003,29.92,28.98,22.33,25.3,25.53,22.0057,25.45,19.83,21.29,220.6357
12/12/2003,30.38,29.33,22.45,25.85,26.27,22.2087,26.07,19.95,21.41,223.9187
12/19/2003,30.86,29.52,22.74,26.05,27.12,22.3954,26.48,19.89,21.4,226.4554
12/26/2003,31.08,29.7,23.14,26.48,27.36,22.5416,26.55,20.08,21.48,228.4116
1/2/2004,31.22,30.22,23.27,26.56,27.54,22.8096,26.74,20.48,21.52,230.3596
1/9/2004,31.52,30.32,23.29,26.55,27.97,23.0045,26.9,21.4,21.43,232.3845
1/16/2004,31.74,30.46,23.33,26.06,27.78,23.4348,27.8,22.05,21.59,234.2448
1/23/2004,32.05,30.78,23.79,25.41,28.76,23.6378,27.42,21.65,21.72,235.2178
1/30/2004,31.31,30.98,23.81,25.51,28.17,23.5891,27.03,21.25,21.78,233.4291
2/6/2004,31.58,31.76,23.55,25.91,27.96,23.9464,27.12,21.23,22.42,235.4764
2/13/2004,31.73,31.54,23.77,26.42,29.09,24.1981,27.18,21.08,22.41,237.4181
2/20/2004,31.74,31.32,23.64,26.53,28.99,24.1738,26.99,20.87,22.87,237.1238
2/27/2004,31.99,31.31,24.26,26.84,29.65,24.2631,26.83,20.71,23.02,238.8731
3/5/2004,32.49,31.63,24.62,26.92,30.09,24.7341,27.03,20.8,23.13,241.4441
3/12/2004,31.35,30.25,24.01,25.68,29.26,24.0114,25.95,20.16,22.62,233.2914
3/19/2004,31.14,29.58,24.1,25.52,29.28,23.7921,25.85,19.75,22.57,231.5821
3/26/2004,31.26,29.43,23.98,25.7,28.4,23.5241,25.99,20,22.47,230.7541
4/2/2004,32.18,30.5,24.27,26.76,29.13,24.0357,26.86,20.88,22.82,237.4357
4/9/2004,32,30.4,24.08,26.34,29.54,23.9789,26.95,20.75,22.83,236.8689
4/16/2004,31.89,31.48,23.51,26.53,30.54,23.4429,27.1,20.09,23.08,237.6629
4/23/2004,32.26,31.35,23.55,26.35,30.1,23.2399,27.32,20.76,23.27,238.1999
4/30/2004,31.39,30.86,23.28,24.92,29.84,22.8339,26.4,19.39,23.18,232.0939
5/7/2004,30.34,31.06,22.74,24.01,29.76,22.298,26.22,19.6,22.94,228.968
5/14/2004,30.41,30.7,22.55,24.33,29.85,22.5335,26.17,19.45,22.72,228.7135
5/21/2004,30.49,30.16,22.54,24.56,29.11,22.6553,26.22,19.57,22.67,227.9753
5/28/2004,31.59,30.76,23.56,25.62,29.75,23.2237,27.05,20.15,23.05,234.7537
6/4/2004,31.61,31.09,23.4,25.36,29.68,23.2562,27.25,19.94,23.23,234.8162
6/11/2004,32.05,31.08,23.39,25.72,30.24,23.4267,27.73,20.39,23.45,237.4767
6/18/2004,31.89,30.86,23.54,25.96,31.22,23.1587,28.02,20.13,23.23,238.0087
6/25/2004,31.87,30.44,23.73,26.32,31.52,23.2237,28.47,20.51,22.93,239.0137
7/2/2004,31.27,30.11,23.72,26.14,31.64,23.11,27.99,20.1,22.86,236.94
7/9/2004,30.73,29.68,23.59,26.12,31.93,22.7284,28.05,19.63,22.92,235.3784
7/16/2004,30.31,29.31,24.08,26.34,32.65,22.5497,28.13,18.9,22.81,235.0797
7/23/2004,30.13,28.92,23.56,25.44,31.84,22.3792,27.51,18.85,22.12,230.7492
7/30/2004,30.43,28.92,24.12,26.17,32.45,22.7121,27.86,19.44,21.95,234.0521
8/6/2004,29.18,27.88,24.35,25.09,30.93,22.2006,26.71,18.34,21.6,226.2806
8/13/2004,29.03,28.25,24.47,25.13,31.13,22.3386,26.74,18.05,22.07,227.2086
8/20/2004,30.49,29.19,24.71,26.45,31.42,23.2237,27.59,18.66,22.37,234.1037
8/27/2004,30.63,29.6,24.8,26.76,31.57,23.4673,27.9,18.84,22.43,235.9973
9/3/2004,30.92,29.79,25.16,27.03,32.84,23.6135,28.19,18.53,22.7,238.7735
9/10/2004,31.15,29.72,25.26,26.79,33.12,23.8083,28.36,19.23,22.39,239.8283
9/17/2004,31.42,29.85,25.16,26.49,33.92,23.7353,28.59,19.22,22.09,240.4753
9/24/2004,31.2,29.17,24.86,26.41,34.62,23.11,27.98,18.97,21.53,237.85
10/1/2004,31.59,29.06,25.25,27.7,35.43,23.4998,28.78,19.6,21.88,242.7898
10/8/2004,31.54,28.02,25.53,27.65,36.19,23.4267,28.37,19.54,21.61,241.8767
10/15/2004,31.43,27.71,25.58,26.93,35.16,22.7852,28.14,19.45,21.51,238.6952
10/22/2004,31.29,27.04,25.66,26.42,35.48,22.2493,27.78,19.42,21.38,236.7193
10/29/2004,32.46,28.15,26.27,27.29,35.14,23.2318,28.67,19.96,21.8,242.9718
11/5/2004,33.63,28.73,26.94,28.37,35.73,23.8896,29.82,20.67,22.75,250.5296
11/12/2004,34.21,28.84,27.82,29.18,35.9,24.2225,30.56,21.06,22.97,254.7625
11/19/2004,33.75,28.41,27.3,28.94,36.38,23.784,30.36,21.01,22.65,252.584
11/26/2004,34.42,28.61,28.11,29.71,37.66,24.0926,30.52,21.09,22.74,256.9526
12/3/2004,34.28,29.26,27.06,29.39,35.99,24.3768,30.89,21.62,22.81,255.6768
12/10/2004,34.4,29.49,27.07,28.99,35.55,24.393,30.85,21.28,22.91,254.933
12/17/2004,34.53,29.7,27.52,29.25,36.05,24.3686,30.92,20.96,22.83,256.1286
12/24/2004,34.86,29.96,28.01,29.82,36.51,24.8315,31.25,21.16,23.04,259.4415
12/31/2004,35.29,30.19,27.85,29.73,36.32,24.7909,31.07,21.11,23.08,259.4309
1/7/2005,34.33,29.75,27.05,28.74,34.97,24.4174,30.17,20.45,23.1,252.9774
1/14/2005,34.51,29.67,27.55,28.92,36.46,24.1494,30.09,20.22,23.19,254.7594
1/21/2005,33.71,29.37,27.47,28.55,36.4,23.987,29.51,19.73,23.17,251.897
1/28/2005,33.42,29.2,28.12,28.47,37.1,23.9708,29.81,19.78,23.29,253.1608
2/4/2005,34.15,29.83,29.1,29.52,39.05,24.6934,30.45,20.26,23.64,260.6934
2/11/2005,34.09,29.95,29.09,29.78,40.42,24.8234,30.62,20.18,23.54,262.4934
2/18/2005,34.01,30.33,29.01,30.58,42.05,24.19,30.5,19.88,23.47,264.02
2/25/2005,33.74,30.59,29.25,31.39,44.17,24.328,30.73,20.01,23.37,267.578
3/4/2005,34.25,30.65,29.71,31.98,44.92,24.5229,31.24,20.12,23.73,271.1229
3/11/2005,33.74,30.2,29.25,31.41,42.8,24.1088,31.02,19.89,23.25,265.6688
3/18/2005,33.42,29.58,29.16,30.83,43.78,23.5241,30.58,19.45,23.03,263.3541
3/25/2005,32.92,29.8,28.72,30.25,42.03,22.8177,30.47,19.37,22.91,259.2877
4/1/2005,32.9,29.6,29.25,30.07,43.93,22.7365,30.14,19.39,22.8,260.8165
4/8/2005,32.94,30.46,29.45,29.99,42.72,22.9963,30.21,19.59,23.09,261.4463
4/15/2005,31.47,30.8,29.01,27.52,39.73,22.5172,28.95,18.47,22.86,251.3272
4/22/2005,31.34,30.49,29.72,28.08,42.04,22.5254,29.29,18.82,22.62,254.9254
4/29/2005,31.05,30.9,30.05,28.01,40.55,23.0938,29.32,18.87,22.78,254.6238
5/6/2005,31.81,31.17,29.82,28.76,41.1,23.3455,29.58,19.13,23.07,257.7855
5/13/2005,31.41,31.08,29.17,27.01,38.8,22.9233,29.17,19.36,22.85,251.7733
5/20/2005,32.87,31.47,29.87,27.89,39.65,23.7515,30.26,20.03,23.52,259.3115
5/27/2005,33.09,31.39,30.04,28.03,42,23.8165,30.33,20.31,23.39,262.3965
6/3/2005,33.04,31.26,30.48,28.1,42.63,23.7759,30.22,20.25,23.34,263.0959
6/10/2005,33.13,31.12,30.72,28.13,43.65,23.8327,30.15,20.17,23.37,264.2727
6/17/2005,33.69,31.66,30.87,28.8,45.84,24.0601,30.36,20.3,23.3,268.8801
6/24/2005,32.84,31.1,31.12,27.34,44.94,23.8002,29.29,19.99,22.74,263.1602
7/1/2005,32.86,30.99,31.85,27.12,45.44,23.9545,29.48,19.97,22.83,264.4945
7/8/2005,33.48,31.26,31.99,27.69,46.24,24.2631,29.82,20.45,23,268.1931
7/15/2005,34.11,31.51,32.02,27.9,45.37,24.661,30.03,21.03,23.36,269.991
7/22/2005,34.57,31.4,31.8,28.77,47.39,24.4823,30.5,20.96,23.28,273.1523
7/29/2005,34.64,31.73,32.27,28.64,47.6,24.3037,30.5,21.05,23.48,274.2137
8/5/2005,34.11,31.55,31.91,28.59,48.39,24.0682,30.02,21.16,23.14,272.9382
8/12/2005,34.45,31.75,31.74,28.89,50.17,24.125,30.27,20.79,23.08,275.265
8/19/2005,33.87,31.4,31.64,28.1,48.18,24.1575,30.05,20.76,23.18,271.3375
8/26/2005,33.45,31.03,32.15,27.27,47.99,23.6622,29.62,20.6,22.95,268.7222
9/2/2005,33.05,31.61,33,27.5,50.95,23.9464,29.76,20.74,23.08,273.6364
9/9/2005,33.82,32.41,33.43,28,52.8,24.255,30.23,21.05,23.36,279.355
9/16/2005,33.14,32,33.59,27.83,52.28,24.3199,30.11,20.98,23.08,277.3299
9/23/2005,32.29,31.47,32.68,27.08,52.56,23.8327,29.75,20.57,22.73,272.9627
9/30/2005,32.49,31.35,33.6,27.5,53.67,23.9708,30.16,20.9,23.28,276.9208
10/7/2005,31.7,30.75,32.27,26.59,49.53,23.6622,29.8,20.21,22.84,267.3522
10/14/2005,31.39,30.81,30.86,26.32,48.34,23.6053,29.63,20.01,22.75,263.7153
10/21/2005,31.28,30.23,30.35,26.52,46.02,23.8408,29.29,20.17,22.87,260.5708
10/28/2005,31.31,30.25,31.05,27.48,48.27,24.6122,29.65,20.21,23.08,265.9122
11/4/2005,32.54,30.65,30.89,27.85,49.5,24.8721,30.09,20.89,23.18,270.4621
11/11/2005,33.01,31.08,30.64,28.61,47.47,25.6679,30.53,21.15,23.5,271.6579
11/18/2005,33.17,31.26,31.17,29.3,49.04,25.741,31.3,21.55,23.4,275.931
11/25/2005,33.68,31.26,31.75,29.7,51,26.35,31.61,21.86,23.7,280.91
12/2/2005,33.59,31.18,31.57,30.12,51.17,26.0739,31.69,22.02,23.53,280.9439
12/9/2005,33.37,31.2,32,30.21,51.82,25.9034,31.45,21.82,23.36,281.1334
12/16/2005,33.41,31.7,32.31,29.8,51.07,25.9683,31.67,21.57,23.8,281.2983
12/23/2005,33.08,32.29,31.84,30.52,51.25,26.1388,31.84,21.39,23.67,282.0188
12/30/2005,32.65,31.72,31.39,30.28,50.31,25.7166,31.42,20.9,23.29,277.6766
1/6/2006,33.33,32.56,32.18,31.39,53.46,26.3662,31.78,22,23.5,286.5662
1/13/2006,33.56,32.46,32.2,30.58,54.46,26.4068,31.62,22.13,23.48,286.8968
1/20/2006,32.95,31.97,32.71,30.11,56.41,25.4324,30.96,21.27,23.17,284.9824
1/27/2006,33.43,32.29,32.39,31.6,56.65,26.1226,31.62,21.71,23.53,289.3426
2/3/2006,33.14,32.01,31.66,31.08,55.22,25.6435,31.44,21.28,23.23,284.7035
2/10/2006,33.27,32.04,31.78,30.9,52.54,25.9196,31.86,21.64,23.21,283.1596
2/17/2006,33.62,32.69,32.3,31.65,53.01,26.3337,32.54,21.93,23.63,287.7037
2/24/2006,33.45,32.68,32.53,31.72,53.63,26.7073,32.66,21.7,23.68,288.7573
3/3/2006,33.48,32.36,32.3,31.74,54.13,26.4068,32.74,22,23.55,288.7068
3/10/2006,33.36,32.43,31.71,31.31,51.39,26.5042,32.85,21.72,24.15,285.4242
3/17/2006,34.02,32.72,32.15,32.19,53.65,26.8778,33.79,22.11,23.96,291.4678
3/24/2006,33.79,32.68,31.49,32.05,53.86,26.6991,33.68,22.09,23.98,290.3191
3/31/2006,33.66,31.98,30.83,32.35,54.4,26.4312,33.8,22.14,23.6,289.1912
4/7/2006,33.87,31.28,30.67,32.81,55.35,26.4555,33.95,22.26,23.41,290.0555
4/14/2006,33.6,31.02,30.24,32.95,55.81,26.3743,33.86,22.1,23.26,289.2143
4/21/2006,33.67,31.16,31.25,34.4,59.74,26.894,34.89,22.06,23.42,297.484
4/28/2006,34.09,30.99,31.32,33.5,57.14,27.5761,34.53,21.85,23.83,294.8261
5/5/2006,34.61,30.78,32.18,34.64,58.86,27.7385,35.68,21.92,24.06,300.4685
5/12/2006,34.09,30.39,31.26,33.79,56.74,26.959,34.93,20.98,23.67,292.809
5/19/2006,33.68,30.28,31.09,32.25,54.02,26.4718,34.04,20.6,23.62,286.0518
5/26/2006,33.67,30.55,31.63,32.56,55.1,26.7479,34.14,20.76,24.09,289.2479
6/2/2006,33.97,30.89,32.54,32.81,56.53,26.9996,34.34,20.71,23.96,292.7496
6/9/2006,33.14,30.43,32.47,30.58,52.8,26.5448,32.84,19.94,23.78,282.5248
6/16/2006,33.15,30.31,32.11,30.59,53.1,25.8384,33.26,20.19,23.75,282.2984
6/23/2006,32.88,29.98,31.66,30.94,53.38,25.676,33.24,20.03,23.8,281.586
6/30/2006,33.39,30.24,32.29,32.1,56.75,26.2606,33.81,20.33,24.19,289.3606
7/7/2006,32.9,30.41,32.51,31.81,56.69,26.2688,33.27,19.98,24.36,288.1988
7/14/2006,31.39,29.97,32.66,30.78,57.82,25.676,32,19.1,24,283.396
7/21/2006,31.34,30.97,33.46,30.05,54.48,26.2119,31.7,19,24.44,281.6519
7/28/2006,32.26,32,33.99,30.77,57.77,26.9021,32.02,19.83,24.69,290.2321
8/4/2006,32.45,31.82,34.07,31.18,57.84,26.9996,32.06,19.76,24.74,290.9196
8/11/2006,32.03,31.56,33.87,30.76,58.15,26.4799,31.23,19.71,24.84,288.6299
8/18/2006,33.09,32.31,34.34,31.68,57.48,27.2351,32.53,20.83,25.19,294.6851
8/25/2006,32.24,32.52,34.31,31.57,58.22,26.9833,31.94,20.74,25.24,293.7633
9/1/2006,33.19,32.97,34.8,32.19,56.5,27.2188,32.48,21.28,25.66,296.2888
9/8/2006,33.29,32.72,34.35,31.75,53.95,27.1701,32.19,21.09,25.54,292.0501
9/15/2006,34.46,33.14,33.72,31.17,51.85,27.7304,32.73,21.7,25.58,292.0804
9/22/2006,34.38,32.89,33.55,31.11,51.33,27.7872,32.39,21.6,25.48,290.5172
9/29/2006,34.95,33.19,33.99,31.64,53.45,28.112,33.34,22,25.38,296.052
10/6/2006,35.87,33.26,34.22,31.98,52.69,28.5505,34.25,22.3,25.27,298.3905
10/13/2006,36.63,33.13,34.55,32.75,53.98,28.8185,34.56,22.81,25.3,302.5285
10/20/2006,36.43,33.86,35.61,32.68,54.7,28.5262,34.28,22.76,25.54,304.3862
10/27/2006,37.06,33.63,35.77,33.39,56.17,28.8104,34.25,22.76,25.96,307.8004
11/3/2006,36.6,33.07,35.58,33.28,56.6,28.5099,33.92,22.63,25.47,305.6599
11/10/2006,37.33,32.49,35.91,33.7,57.45,29.0702,34.5,23.09,25.55,309.0902
11/17/2006,38.11,33.22,36.04,33.83,57.1,29.2326,35.4,23.64,25.89,312.4626
11/24/2006,37.95,33.02,36.2,35.08,57.54,29.257,35.47,23.76,25.73,314.007
12/1/2006,37.63,33.23,36.72,34.72,60.72,28.8023,34.92,23.32,25.53,315.5923
12/8/2006,38.22,33.24,36.77,35.55,60.27,29.4032,35.31,23.39,26.07,318.2232
12/15/2006,38.45,33.41,36.94,35.37,61.01,29.7198,35.2,23.56,26.06,319.7198
12/22/2006,38.23,33.44,36.57,34.49,58.59,29.663,35.01,23.04,26.07,315.103
12/29/2006,38.36,33.49,36.72,34.81,58.63,29.8335,35.01,23.26,26.12,316.2335
1/5/2007,38.25,33.69,36.11,34.22,55.92,29.6305,34.96,23.5,26.14,312.4205
1/12/2007,39.26,34.28,35.87,35.23,55.44,30.0446,35.58,24.02,26.51,316.2346
1/19/2007,39.61,34.67,36.05,35.77,56.58,30.0122,35.62,23.38,26.61,318.3022
1/26/2007,38.83,34.23,36.25,36.08,56.85,29.8985,35.21,23.35,26.49,317.1885
2/2/2007,39.71,34.73,37.1,36.63,58.63,30.3613,36.19,23.75,26.8,323.9013
2/9/2007,39.46,34.54,38.04,36.6,58.39,30.1827,35.85,23.54,26.52,323.1227
2/16/2007,39.9,34.73,38.24,37.71,58,30.6618,36.66,23.9,26.91,326.7118
2/23/2007,39.85,34.39,38.67,38.4,58.65,30.2882,36.6,23.98,26.82,327.6482
3/2/2007,37.78,33.26,38.05,36.45,56.05,28.8266,34.84,22.64,25.89,313.7866
3/9/2007,38.26,33.63,38.2,37.31,57.4,29.1271,35.45,23,26.22,318.5971
3/16/2007,37.32,33.2,38.4,37.1,56.39,28.4368,35.25,22.95,25.93,314.9768
3/23/2007,38.66,33.92,39.85,38.22,60.22,29.395,36.36,23.57,26.79,326.985
3/30/2007,38.03,33.65,39.7,38.05,60.28,28.9322,35.55,23.32,26.65,324.1622
4/6/2007,38.85,34.62,40.7,38.46,61.75,29.0377,35.83,23.86,27.09,330.1977
4/13/2007,38.9,35.43,40.72,38.88,63.05,28.989,36.06,23.89,27.09,333.009
4/20/2007,39.57,36.16,41.57,39.08,63.1,30.1421,36.82,24.23,27.6,338.2721
4/27/2007,39.43,36.23,41.81,39.34,64.13,30.2882,37.64,24.61,27.5,340.9782
5/4/2007,39.5,36.7,42.09,39.4,64.65,30.6293,37.98,25.01,27.4,343.3593
5/11/2007,39.3,36.25,42.2,39.81,65.21,30.6537,38.19,25.19,27.2,344.0037
5/18/2007,39.72,36.59,42.83,40.28,67.83,30.7105,38.25,25.31,27.69,349.2105
5/25/2007,39.67,36.62,41.1,40.32,67.7,30.5237,38.5,25.19,27.5,347.1237
6/1/2007,40.33,36.77,41.61,41.47,68.92,30.8729,39.28,25.65,27.9,352.8029
6/8/2007,39.42,35.85,39.28,40.4,67.92,30.2233,38.65,25.34,27.46,344.5433
6/15/2007,39.83,36.07,40.44,41.1,70.98,30.4101,39.42,25.78,27.49,351.5201
6/22/2007,39.39,34.97,38.71,40.89,69.75,29.663,39.15,25.53,27.05,345.103
6/29/2007,39.33,35.31,39.58,40.5,68.99,29.3788,39.04,25.6,27.05,344.7788
7/6/2007,40.17,35.64,39.86,41.6,71.54,29.7848,39.8,26.15,27.4,351.9448
7/13/2007,40.05,35.92,40.75,42.9,73.95,29.7848,40.72,26.65,27.7,358.4248
7/20/2007,39.46,35.23,40.7,42.8,74,28.786,40.9,26.8,27.4,356.076
7/27/2007,37.04,33.58,37.55,38.92,68.5,27.0808,39.11,25.64,26.44,333.8608
8/3/2007,36.37,33.68,37.95,38.42,66.12,26.0333,39.15,25.35,26.65,329.7233
8/10/2007,36.36,33.9,39.01,38.68,67.72,27.0808,38.53,25.24,27.1,333.6208
8/17/2007,35.55,33.73,38.63,36.9,67.5,28.0146,38,24.83,26.65,329.8046
8/24/2007,37.05,34.58,39.61,39.4,69.25,28.0471,39.2,25.76,27.12,340.0171
8/31/2007,37.23,34.4,38.6,39.15,69.83,27.4056,39.42,26.04,26.9,338.9756
9/7/2007,35.9,34.37,39.01,38.62,70.26,26.8047,38.71,25.75,26.75,336.1747
9/14/2007,36.87,34.79,39.7,39.5,72.5,27.5924,39.54,25.87,27.38,343.7424
9/21/2007,37.1,35.45,40.32,41.57,75.7,28.0958,40.63,26.72,27.66,353.2458
9/28/2007,36.83,35.35,39.8,42.11,74.8,27.8684,41.08,26.97,27.98,352.7884
10/5/2007,38.15,36.25,40.9,42.95,75.11,29.1433,41.58,27.4,28,359.4833
10/12/2007,37.82,36.25,41.29,43.35,77.17,28.8591,41.32,27.71,28.23,361.9991
10/19/2007,35.98,35.2,39.74,41.72,74.4,26.4718,39.9,27.15,27.73,348.2918
10/26/2007,36.55,35.68,41.54,43.28,76.95,27.365,40.3,27.94,28.34,357.945
11/2/2007,35.7,35.41,41.92,42.72,75.85,25.8546,40.22,28.15,28.03,353.8546
11/9/2007,33.91,34.91,41.93,41.53,74.45,24.4742,38.92,25.97,27.88,343.9742
11/16/2007,34.01,35.54,41.68,40.17,72.66,24.7747,38.81,26.32,28.57,342.5347
11/23/2007,33.55,35.18,41.92,39.52,74.05,23.7677,38.17,25.78,28.54,340.4777
11/30/2007,34.65,36.47,42.73,41.65,73.47,25.1725,39.4,26.26,29.19,348.9925
12/7/2007,34.9,36.75,44.18,43.02,76.18,25.3349,40.3,26.9,29.46,357.0249
12/14/2007,33.25,35.7,43.18,41.96,76.45,23.8327,39.46,26.76,29.02,349.6127
12/21/2007,32.94,35.87,43,42.11,79.3,23.784,39.55,27.02,29.34,352.914
12/28/2007,32.82,35.44,42.92,41.95,80.37,23.4998,39.34,26.86,29.03,352.2298
1/4/2008,30.84,34.79,42.35,40.78,77.5,22.233,37.75,25.14,28.12,339.503
1/11/2008,30.26,36.47,43.43,39.98,75.6,22.3305,36.44,24.28,28.27,337.0605
1/18/2008,29.52,34.67,40.03,37.35,68.9,20.7064,34.68,23.1,27.15,316.1064
1/25/2008,30.86,32.99,38.18,38.44,68.7,22.0706,35.8,22.84,26.7,316.5806
2/1/2008,32.87,33.86,40.24,40.92,71.35,24.1007,37.85,23.65,27.47,332.3107
2/8/2008,31.57,33.11,39,39.83,69.85,22.0219,36.17,22.3,26.8,320.6519
2/15/2008,32.23,33.33,39.85,40.25,72.85,21.7864,36.77,22.72,27.35,327.1364
2/22/2008,32.22,33.37,39.42,41.32,74.9,22.0869,37.15,22.49,27.6,330.5569
2/29/2008,31.32,32.8,37.61,40.87,76.05,20.9744,36.25,22.15,27.13,325.1544
3/7/2008,30.16,31.74,37.7,39.59,73.76,19.7483,35.61,22.02,27.07,317.3983
3/14/2008,30.0401,30.68,37.9,40.77,74.76,19.4884,36.08,21.95,26.96,318.6285
3/21/2008,31.25,31.09,37.45,38.3,70.81,21.3723,36.63,22.39,27.6201,316.9124
3/28/2008,30.53,31.33,37.63,40.22,73.4,20.0162,36.84,22.43,27.88,320.2762
4/4/2008,32.05,31.6,39.17,42.91,77.31,21.4048,38.4,23.24,28.37,334.4548
4/11/2008,30.91,31.53,39.27,42.18,77.5,20.406,36.43,22.59,27.79,328.606
4/18/2008,32.07,31.63,40.68,44.24,83.59,21.4941,38.32,23.82,27.96,343.8041
4/25/2008,32.36,31.81,40.34,43.9,82.88,21.8839,38.37,24,27.93,343.4739
5/2/2008,33.19,32.05,41.02,42.44,81.47,22.501,38.9,24.79,28.112,344.473
5/9/2008,32.2,31.47,40.04,43.45,84.77,21.1043,38.24,24.5,27.84,343.6143
5/16/2008,33.44,31.7,40.78,45.91,88.95,21.4291,39.28,25.37,28.49,355.3491
5/23/2008,31.7,31.35,40.91,43.87,86.26,20.0162,37.79,24.48,28.08,344.4562
5/30/2008,32.31,32.08,41.31,44.51,86,20.1056,38.84,25.35,28.49,348.9956
6/6/2008,31.26,31.42,40.54,44.17,86.02,18.9444,37.01,24.72,27.95,342.0344
6/13/2008,31.72,30.86,41.29,44.54,86.6,18.985,37.02,24.46,28.12,343.595
6/20/2008,29.98,30,40.67,43.42,85.75,18.0105,35.9,23.75,27.08,334.5605
6/27/2008,28.61,30.25,39.73,41.9,87.25,16.7032,33.7,22.94,26.56,327.6432
7/4/2008,28.05,30.5,40.38,39.45,84.9,16.1916,33.41,22.35,26.67,321.9016
7/11/2008,26.79,30.82,40.46,39.42,81.8,15.1685,33.09,22.22,26.93,316.6985
7/18/2008,28.71,31.7,38.53,39.6,76.9,16.7844,34.3,22.8,26.83,316.1544
7/25/2008,28.43,31.87,37.61,39.02,73.81,16.9468,34.47,22.36,27.11,311.6268
8/1/2008,28.25,31.71,36.99,39.65,74.39,17.5639,34.25,22.1,27.35,312.2539
8/8/2008,30.38,33.32,37.17,38.47,70.98,17.8157,35.71,23.35,28.41,315.6057
8/15/2008,31.22,33.61,36.95,39.35,70.8,17.3447,35.65,23.73,28.98,317.6347
8/22/2008,30.69,33.31,37.85,39.75,74.62,16.8412,35.29,23.3,28.68,320.3312
8/29/2008,30.5,32.61,37.66,39.75,74.65,17.3934,35.22,22.75,28.14,318.6734
9/5/2008,30.28,31.85,35.39,37.22,68.42,17.6533,33.76,21.52,28.32,304.4133
9/12/2008,31.2,32.4,36.48,38.08,68.93,17.1742,34.11,21.75,29.15,309.2742
9/19/2008,30.2,31.55,35,38.28,71.25,18.1729,33.11,20.85,27.7,306.1129
9/26/2008,29.25,30.84,34.53,35.24,67.7,17.3691,31.57,20.8,27.7,294.9991
10/3/2008,25.95,29.65,32.12,30.19,58.01,15.2497,27.82,18.63,27.23,264.8497
10/10/2008,22.13,24.14,25.76,25.68,43.4,12.2615,23.54,15.9,23.6,216.4115
10/17/2008,22.24,26.1,27.41,25.75,45.94,12.4645,23.56,16.54,24.31,224.3145
10/24/2008,19.42,25.7,27.47,22.9,43.65,11.0028,22.09,15.06,22.8,210.0928
10/31/2008,22.98,26.6,28.91,25.92,51.4,12.6106,25.18,16.65,24.12,234.3706
11/7/2008,21.12,26.43,29.06,24.87,49.85,11.5469,23.83,15.84,24.26,226.8069
11/14/2008,19.18,25.54,28.8,22.72,47.77,10.337,22.4,14.81,23.48,215.037
11/21/2008,17.45,23.59,28.83,20.1,44.42,7.8603,20.59,13.89,22.99,199.7203
11/28/2008,20.49,24.92,30.12,23.15,50.28,10.2801,23.11,15.25,24.07,221.6701
12/5/2008,21.09,25.19,28.47,21.93,44.16,10.4019,22.662,15.03,23.7,212.6339
12/12/2008,20.94,25.12,28.9,23.1,48.28,9.8498,22.27,15.35,23.14,216.9498
12/19/2008,21.23,26.09,28.58,22.78,46,9.931,22.58,15.27,23.23,215.691
12/26/2008,20.82,25.85,28.08,22.16,45.16,9.5656,22.47,14.93,23.32,212.3556
1/2/2009,22.65,27.09,29.71,23.57,50.15,10.2801,24.28,15.99,24.21,227.9301
1/9/2009,21.47,26.15,29.08,23.34,48.64,9.3869,23.23,15.55,23,219.8469
1/16/2009,20.61,26.06,28.9,22.54,46.54,7.8603,21.82,14.94,22.95,212.2203
1/23/2009,19.68,26.08,28.77,22.01,47.06,7.3,20.63,14.89,22.55,208.97
1/30/2009,19.28,26.23,28.98,21.06,46.92,7.503,20.61,14.68,22.15,207.413
2/6/2009,20.13,27.41,29.89,22.65,49.47,7.9497,21.14,15.97,22.52,217.1297
2/13/2009,18.99,26.65,28.37,21.59,46.99,7.1864,20.34,15.39,21.56,207.0664
2/20/2009,17.84,25.86,26.24,20.48,42.38,6.0414,18.62,14.54,21.3,193.3014
2/27/2009,17.53,22.98,25.35,19.37,41.134,6.1713,17.1,14.12,20.36,184.1153
3/6/2009,16.32,22.29,23.18,18.4,38.79,5.0183,15.5,13.65,19.71,172.8583
3/13/2009,18.22,24.13,23.62,20.35,41.5,6.6504,17.25,14.7,20.56,186.9804
3/20/2009,18.55,23.55,25.35,21.15,43,6.6098,17.39,15.04,20.57,191.2098
3/27/2009,20.1,24.26,25.8,22.9,44.47,7.4218,19.28,15.82,21.61,201.6618
4/3/2009,21.39,23.9,26.15,23.81,46.02,7.8684,19.87,16.71,21.82,207.5384
4/10/2009,21.91,24.13,26.07,23.84,45.6,8.6317,20.48,16.73,21.67,209.0617
4/17/2009,22.52,24.74,25.78,24.45,45.78,9.0215,21.11,16.96,22.09,212.4515
4/24/2009,22.79,23.76,25.36,25.1,46.07,8.8835,21.66,17.1,21.5,212.2235
5/1/2009,23.18,24.14,26.53,25.73,47.26,8.648,22,17.48,22.09,217.058
5/8/2009,23.99,25.59,27.25,26.8,51.84,10.5725,23.51,17.09,22.76,229.4025
5/15/2009,22.13,25.33,25.94,25.83,48,9.3626,21.8,16.8,22.37,217.5626
5/22/2009,22.58,25.29,25.83,26.3,48.61,9.4681,21.69,16.94,22.93,219.6381
5/29/2009,23.12,25.83,26.77,27.17,51.68,9.931,22.49,17.65,23.12,227.761
6/5/2009,24.01,25.79,27.12,27.54,52.11,10.0041,23.73,18.34,23.62,232.2641
6/12/2009,23.86,25.63,28.18,28.02,53.51,10.1421,23.59,18.38,23.52,234.8321
6/19/2009,23.13,26.08,27.47,26.07,49.21,9.7767,22.2,18.12,22.89,224.9467
6/26/2009,22.96,26.37,27.74,25.82,47.89,9.6792,21.97,18.16,23.03,223.6192
7/3/2009,22.29,25.75,27.44,25.15,46.16,9.3138,21.36,17.83,22.89,218.1838
7/10/2009,22.1,25.64,26.91,24.31,44.67,9.0134,20.72,17.53,22.89,213.7834
7/17/2009,23.77,26.53,28.02,26.61,48.45,9.8579,22.38,19,23.93,228.5479
7/24/2009,24.99,27.9,29.56,28.75,51.19,10.0853,23.41,19.652,24.53,240.0673
7/31/2009,25.27,27.87,28.94,29.12,50.62,10.5643,23.88,19.7,24.52,240.4843
8/7/2009,26.5,27.63,28.92,30.21,50.83,11.6524,25.12,19.79,24.28,244.9324
8/14/2009,25.88,27.93,29.04,29.79,50.71,11.5631,24.73,19.71,24.4,243.7531
8/21/2009,26.32,28.68,29.72,30.31,52.35,11.8149,25.3,20.09,24.74,249.3249
8/28/2009,26.61,28.67,29.48,30.21,52.18,11.9773,25.32,20.28,24.77,249.4973
9/4/2009,26.3,28.49,28.92,30.03,50.96,11.5469,25.31,20.09,24.84,246.4869
9/11/2009,27.08,28.92,28.94,30.79,53.6,11.7986,26.35,20.69,25.33,253.4986
9/18/2009,27.8,28.76,29.68,32.01,55.18,12.2939,27.01,20.89,25.4,259.0239
9/25/2009,26.98,28.53,29.2,30.54,53.56,11.8473,26.13,20.58,25.24,252.6073
10/2/2009,26.53,28.15,28.52,29.61,51.97,11.6037,25.35,20.25,25.31,247.2937
10/9/2009,27.8,28.88,29.25,31.5,56.16,12.3751,26.55,21.02,25.92,259.4551
10/16/2009,28.33,29.24,29.69,32.04,58.99,12.3589,27.06,21.12,26.37,265.1989
10/23/2009,28.25,28.71,29.43,31.55,58.3,12.2615,26.68,21.33,26.07,262.5815
10/30/2009,26.82,28.07,28.39,29.34,55.25,11.4088,25.29,20.61,25.83,251.0088
11/6/2009,28.1,29.16,28.92,30.69,57.08,11.62,26.88,21.25,26.2,259.9
11/13/2009,29.02,29.78,29.36,32.01,57.27,11.9042,27.5,21.9,26.72,265.4642
11/20/2009,28.69,30.39,29.25,32.44,56.6,11.8555,27.46,21.69,26.89,265.2655
11/27/2009,28.62,30.79,29.51,32.35,57.02,11.5956,27.42,21.71,26.88,265.8956
12/4/2009,29.15,30.98,30.64,32.55,55.9,11.8798,28.17,22.22,27.05,268.5398
12/11/2009,29.76,31.28,31.82,32.44,55.53,11.6849,28.17,22.24,27,269.9249
12/18/2009,29.61,31.13,31.35,31.99,56.15,11.5469,27.85,22.33,26.24,268.1969
12/25/2009,30.18,31.46,31.48,33.41,57.81,11.7986,28.25,23.01,26.68,274.0786
1/1/2010,29.77,31.07,31.02,32.99,57.01,11.6931,27.79,22.93,26.47,270.7431
1/8/2010,30.39,31.78,30.72,34.92,60.3,12.3589,29.25,23.04,26.57,279.3289
1/15/2010,29.98,32.22,30.91,33.8,59.26,12.1315,29.07,22.66,26.77,276.8015
1/22/2010,29.02,31.66,29.82,31.63,56.3,11.516,27.84,21.66,26.29,265.736
1/29/2010,28.91,31.28,29.53,30.14,54.5,11.5144,27.38,20.959,26.2,260.4134
2/5/2010,28.77,30.83,28.92,30.48,54.24,11.3195,27.2,21.07,25.98,258.8095
2/12/2010,29.25,30.87,28.81,30.97,55.59,11.3276,27.57,21.36,26.44,262.1876
2/19/2010,30.22,31.53,29.76,32.29,57.36,11.7418,28.86,21.82,27.12,270.7018
2/26/2010,30.52,31.4,29.14,31.5,56.14,11.9204,28.84,21.69,27.03,268.1804
3/5/2010,31.79,32.02,29.96,33.17,58.15,12.3589,29.9,22.31,27.59,277.2489
3/12/2010,32.21,31.84,29.84,33.29,58.5,12.6188,30.37,22.75,27.48,278.8988
3/19/2010,32.4,32.25,29.96,33.28,57.28,12.7406,30.81,22.79,27.77,279.2806
3/26/2010,33.06,31.9,29.45,33.68,56.08,12.9923,31.09,23,27.91,279.1623
4/2/2010,33.07,32.31,30.07,34.51,58.54,13.0572,31.44,23.06,28.11,284.1672
4/9/2010,33.97,32.08,30.24,34.91,59.83,13.4316,31.78,23.48,28.04,287.7616
4/16/2010,34.37,31.63,29.83,34.33,59.3,13.2846,32.09,23.73,27.91,286.4746
4/23/2010,35.67,31.35,30.61,35.01,62.09,13.6257,33.12,24.08,28.03,293.5857
4/30/2010,34.82,30.88,30.44,33.99,59.91,13.1214,32.57,23.389,27.63,286.7504
5/7/2010,32.18,29.72,29.1,31.13,54.99,12.2533,30.03,21.75,26.74,267.8933
5/14/2010,33.01,29.97,29.93,31.59,56.24,12.4645,31.19,22.41,27.27,274.0745
5/21/2010,31.73,28.8,28.62,30.37,53.07,11.9773,29.42,21.47,26.62,262.0773
5/28/2010,32.37,28.87,28.76,30.75,53.05,11.9204,29.6,21.64,26.35,263.3104
6/4/2010,31.52,28.48,28.1175,29.11,51.55,11.49,28.43,21.42,26.07,256.1875
6/11/2010,32.25,29.16,29.22,30.67,54.32,11.7824,29.17,21.74,26.47,264.7824
6/18/2010,32.47,29.55,30.08,30.95,55.61,12.0422,30,22.33,26.66,269.6922
6/25/2010,30.81,29.01,28.84,30.1,52.49,11.8839,28.92,21.475,25.88,259.4089
7/2/2010,29.04,28.03,28.16,28.05,49.38,10.9785,27.01,20.29,25.45,246.3885
7/9/2010,30.41,29.03,29.8,30.39,52.62,11.7824,28.64,21.39,26.48,260.5424
7/16/2010,30.02,28.68,29.69,29.83,51.73,11.473,28.07,21.3725,26.52,257.3855
7/23/2010,31.55,28.43,30.48,32.01,53.78,11.823,30.07,22.19,27.15,267.483
7/30/2010,31.44,28.57,30.37,32.01,53.84,11.9448,30.29,21.92,26.98,267.3648
8/6/2010,32.03,29.71,30.99,32.49,55.64,12.0016,30.85,22.28,27.09,273.0816
8/13/2010,30.75,29.1,30.7,31.3,53.35,11.4251,29.4,21.27,26.8,264.0951
8/20/2010,30.9,28.67,30.47,31.49,52.19,11.2302,29.17,21.35,26.73,262.2002
8/27/2010,30.69,28.57,31.14,31.38,52.1,11.149,28.74,21.04,26.69,261.499
9/3/2010,32.28,29.17,31.62,32.73,54.2,11.7897,30.13,21.73,27.29,270.9397
9/10/2010,32.29,29.77,31.44,32.82,54.52,11.7986,30.4,21.74,27.52,272.2986
9/17/2010,32.75,29.94,30.85,32.7325,53.89,11.864,30.6975,22.53,27.55,272.804
9/24/2010,33.7,30.66,31.46,33.36,55.27,11.8595,31.44,23.12,28.04,278.9095
10/1/2010,33.45,30.49,31.55,33.21,56.81,11.7743,31.31,23.03,27.93,279.5543
10/8/2010,34.36,30.77,31.85,34.24,58.36,11.9367,32.195,23.31,28.19,285.2117
10/15/2010,34.71,31.15,31.895,34.59,59.21,11.6484,32.23,24.09,28.61,288.1334
10/22/2010,34.96,31.23,31.87,34.29,59.3,11.8567,32.48,24.11,28.81,288.9067
10/29/2010,35.26,31.17,31.72,34.8,59.24,11.8222,32.18,24.35,28.77,289.3122
11/5/2010,36.51,31.45,32.05,36.32,62.31,12.6512,33.43,25.1,29.11,298.9312
11/12/2010,36.01,30.93,31.34,35.51,62.94,12.1315,32.41,24.34,28.71,294.3215
11/19/2010,36.24,30.9975,31.13,35.39,63.59,12.0621,32.76,24.31,28.81,295.2896
11/26/2010,36.31,30.58,30.86,34.87,62.51,11.7093,32.7,24.25,28.5,292.2893
12/3/2010,37.42,31.09,31.275,37.01,65.82,12.3268,34.04,24.805,28.81,302.5968
12/10/2010,37.56,31.29,31.12,37.25,65.9,12.7929,34.395,25.185,29.14,304.6329
12/17/2010,37.36,31.67,31.15,37.56,65.89,12.6106,34.54,25.08,29.36,305.2206
12/24/2010,37.63,31.65,31.36,38.14,67.41,12.8867,34.82,25.21,29.4,308.5067
12/31/2010,37.41,31.5,31.34,38.41,68.25,12.9517,34.87,25.19,29.31,309.2317
1/7/2011,37.7,32.07,31.5825,38.315,68.28,13.1669,35.26,25.75,29.0325,311.1569
1/14/2011,37.92,32.18,31.74,38.8,70.65,13.5769,35.91,26.17,29.33,316.2769
1/21/2011,37.82,32.1875,31.95,37.4775,70.1,13.367,35.9,25.72,29.49,314.012
1/28/2011,37.1,31.61,31.65,37.81,71.11,13.1953,35.83,25.83,28.98,313.1153
2/4/2011,38.21,32.33,31.8,39.575,74.13,13.4856,36.78,26.69,29.3,322.3006
2/11/2011,39.58,32.38,32,39.85,74.11,13.8701,37.85,26.9025,29.58,326.1226
2/18/2011,40.01,32.81,31.91,40.25,77.02,13.9492,38.045,27,29.8,330.7942
2/25/2011,39.1125,32.31,31.755,39.04,77.94,13.6183,36.83,26.45,29.55,326.6058
3/4/2011,39.21,33.135,32.005,39.05,78.34,13.4145,36.841,26.415,29.58,327.9905
3/11/2011,39.01,32.7,32.52,37.91,75.11,13.4308,36.67,25.8,29.73,322.8808
3/18/2011,37.58,31.97,30.88,37.73,75.39,13.2115,35.97,24.9,29.05,316.6815
3/25/2011,38.82,32.67,31.39,39.23,78.69,13.2684,37.1,25.88,29.69,326.7384
4/1/2011,39.3,33.28,32.12,40.17,79.99,13.4226,37.98,26.01,30.07,332.3426
4/8/2011,39.06,33.32,31.98,40.2,79.72,13.3658,37.42,25.93,30.25,331.2458
4/15/2011,39.25,33.92,32.1,39.36,77.19,13.106,37.13,25.74,30.84,328.636
4/22/2011,39.91,34.25,32.24,40.45,78.98,13.0735,37.63,26.35,30.9,333.7835
4/29/2011,40.55,35.24,33.16,40.87,80.479,13.3008,38.7,26.74,31.52,340.5598
5/6/2011,40.29,35.5,33.29,39.35,74.8,13.0816,38.07,26.48,31.44,332.3016
5/13/2011,40.56,36.08,33.91,38.65,73.79,12.8055,37.68,26.46,32.11,332.0455
5/20/2011,40.27,36.04,34.13,38.51,74.63,12.7649,37.37,26.169,32.32,332.2039
5/27/2011,40.16,35.69,33.62,39.35,76.34,12.7324,37.29,26.1,32.04,333.3224
6/3/2011,38.92,35.19,33.19,38.08,75.26,12.3589,36.1,25.54,31.31,325.9489
6/10/2011,37.86,34.805,32.97,37.59,73.33,12.0422,35.21,24.77,30.91,319.4872
6/17/2011,37.95,34.77,32.99,36.64,71.685,12.0918,35.45,24.445,31.135,317.1568
6/24/2011,38.5,34.68,32.8,37.47,70.93,11.9854,35.63,24.54,30.61,317.1454
7/1/2011,41.02,35.96,33.88,39.73,76.06,12.6918,37.91,26.12,31.47,334.8418
7/8/2011,41.37,35.78,33.76,40.23,76.89,12.5538,37.82,26.47,31.74,336.6138
7/15/2011,40.29,35.19,33.36,39.57,76.86,12.0585,36.54,25.92,31.36,331.1485
7/22/2011,41.09,35.59,33.82,39.95,79.73,12.4401,36.83,26.72,31.74,337.9101
7/29/2011,39.65,34.12,33.17,38.01,76.45,12.0138,34.68,25.81,30.83,324.7338
8/5/2011,36.34,31.81,31.89,34.32,68.07,10.9054,31.76,24.33,29.91,299.3354
8/12/2011,36.07,31.64,31.7,34.44,66.96,10.3776,31.4,24.121,29.54,296.2486
8/19/2011,34.05,31.03,32.39,32,63.24,9.8498,29.13,22.52,29.55,283.7598
8/26/2011,36.12,32.24,33,33.93,65.81,10.3695,30.93,23.8,30.17,296.3695
9/2/2011,36.06,32.45,33.29,33.97,66.22,10.1827,30.85,23.62,30.34,296.9827
9/9/2011,35.42,31.97,32.8,33.17,64.89,9.931,30.18,23.49,30,291.851
9/16/2011,37.77,33.02,33.98,34.52,67.09,10.4791,31.97,24.98,30.84,304.6491
9/23/2011,35.73,31.48,33.41,30.24,58.7,9.4844,29.31,24,29.5,281.8544
9/30/2011,34.86,31.73,33.62,29.355,58.51,9.5899,29.22,23.6,29.66,280.1449
10/7/2011,36.35,31.9,33.4,31.12,60.9,9.6062,30.34,24.3,30.07,287.9862
10/14/2011,38.67,32.88,33.98,33.48,66.6,10.2314,32.19,26,30.87,304.9014
10/21/2011,39.32,33.11,34.88,33.37,68.55,10.6618,32.67,25.53,31.47,309.5618
10/28/2011,39.63,34.21,35.01,35.99,73.04,11.4088,34.26,26.48,31.51,321.5388
11/4/2011,38.92,33.19,34.98,34.98,71.26,10.7877,33.6,26.05,30.99,314.7577
11/11/2011,39.47,34.07,35.36,35.17,72.26,10.7471,33.93,26.16,31.48,318.6471
11/18/2011,37.88,32.85,34.64,33.26,68.15,10.1502,32.92,25.21,31.06,306.1202
11/25/2011,36.33,31.71,33.43,31.41,63.83,9.5656,31.16,24.01,30.37,291.8156
12/2/2011,39.07,33.51,34.75,34,70.42,10.4831,33.71,25.74,31.74,313.4231
12/9/2011,39.35,33.82,35,34.1,70.192,10.6374,33.97,26.04,32.01,315.1194
12/16/2011,37.9,33.41,34.54,32.53,66.14,10.1827,32.67,24.98,31.49,303.8427
12/23/2011,39.18,34.8,35.8,33.91,69.6,10.678,34.09,25.56,32.57,316.188
12/30/2011,39.02,34.69,35.98,33.5,69.13,10.5562,33.75,25.45,32.49,314.5662
1/6/2012,40.05,35.13,35.02,34.77,70.44,10.877,34.59,25.97,32.16,319.007
1/13/2012,40.38,35.43,34.89,36.1,69.44,11.218,35.495,26.08,32.14,321.173
1/20/2012,41.16,35.85,34.61,36.58,71.38,11.4819,36.16,26.8,32.4,326.4219
1/27/2012,41.45,35.82,34.73,37.18,71.48,11.4738,36.46,26.9,32.22,327.7138
2/3/2012,42.26,36.22,34.83,37.88,72.77,11.9651,37.26,27.715,32.48,333.3801
2/10/2012,42.31,35.81,34.8,37.05,73.04,11.827,36.97,28.03,32.61,332.447
2/17/2012,42.96,36.24,35.05,37.37,74.87,12.0097,37.28,28.52,33.06,337.3597
2/24/2012,42.86,36.19,35.08,37.55,76.23,11.9123,37.48,28.82,33.06,339.1823
3/2/2012,43.52,36.31,34.96,37.29,74.74,12.0706,37.14,29.08,33.21,338.3206
3/9/2012,43.98,36.47,35.17,36.64,74.19,12.0909,37.02,29.18,33.47,338.2109
3/16/2012,44.35,36.85,34.78,37.1,74.8,12.7649,37.98,29.88,33.6,342.1049
3/23/2012,44.65,36.62,34.6,36.91,72.26,12.773,37.16,29.985,33.76,338.718
3/30/2012,45.09,37.61,35.045,36.97,71.75,12.8258,37.415,30.16,34.08,340.9458
4/6/2012,45.01,37.51,34.89,36.48,70.5,12.6147,36.97,30.17,34.05,338.1947
4/13/2012,44.55,36.58,34.33,36.13,68.7,12.2858,36.33,29.61,33.63,332.1458
4/20/2012,44.64,37.29,35.02,36.48,68.96,12.3305,36.77,29.28,34.31,335.0805
4/27/2012,45.87,37.53,35.61,36.93,70.8,12.6025,37.36,30.03,34.27,341.0025
5/4/2012,44.91,36.95,35.57,35.68,68.3,12.2615,36.3,29.07,34.08,333.1215
5/11/2012,44.24,37.01,35.93,35.01,67.34,12.026,35.67,28.69,34.03,329.946
5/18/2012,42.01,36.07,35.42,32.77,63.94,11.1823,34.12,27.47,33.52,316.5023
5/25/2012,43.28,36.42,35.78,33.99,65.13,11.3845,34.92,27.87,33.89,322.6645
6/1/2012,41.74,35.51,35.71,33.1,62.04,10.9541,33.71,27.2,33.16,313.1241
6/8/2012,43.41,36.59,36.82,34.58,64.5,11.4795,34.8,28.33,34.09,324.5995
6/15/2012,43.42,37.06,36.93,34.53,65.62,11.6443,34.955,28.37,34.33,326.8593
6/22/2012,43.31,37.415,36.26,34.2,63.44,11.6403,34.75,28.48,33.91,323.4053
6/29/2012,43.78,38.005,36.99,35.29,66.37,11.8839,35.67,28.725,34.77,331.4839
7/6/2012,43.77,37.63,36.83,35.15,66.29,11.7499,35.21,28.69,34.96,330.2799
7/13/2012,43.62,38.13,37.34,34.74,66.77,11.9407,34.87,28.27,35.33,331.0107
7/20/2012,43.75,38.25,37.67,35.42,68.79,11.6728,35.16,28.755,35.045,334.5128
7/27/2012,44.28,38.83,38.09,35.11,70.22,11.9854,36.01,29.13,35.61,339.2654
8/3/2012,44.33,38.49,37.86,35.12,70.44,12.0341,36.16,29.54,35.75,339.7241
8/10/2012,44.62,38.69,37.54,36.06,72.37,12.1315,36.68,30.13,35.63,343.8515
8/17/2012,45.43,38.48,37.09,36.24,72.57,12.2858,37.18,30.75,35.9,345.9258
8/24/2012,45.37,38.74,36.62,35.84,71.98,12.2858,36.71,30.57,35.6,343.7158
8/31/2012,45.55,38.84,36.35,35.65,71.53,12.3102,36.36,30.49,35.46,342.5402
9/7/2012,46.78,39.53,36.62,36.95,73.45,12.7324,37,31.09,35.76,349.9124
9/14/2012,47.71,39.67,36.54,38.35,76.57,13.2196,37.76,31.58,35.78,357.1796
9/21/2012,47.53,40.19,36.025,37.445,74.675,12.8542,36.975,31.51,35.96,353.1642
9/28/2012,46.79,40.12,36.39,36.8,73.435,12.6594,36.53,30.825,35.825,349.3744
10/5/2012,47.61,41.17,36.74,37.2,73.58,13.041,37.16,30.89,36.51,353.901
10/12/2012,46.25,40.31,36.5,36.37,72.56,12.838,36.45,29.92,35.85,347.048
10/19/2012,46.58,40.6,37.11,37.09,73.83,13.0816,36.79,29.29,35.71,350.0816
10/26/2012,45.92,40.32,36.58,36.11,71.96,12.8299,36.32,28.99,35.35,344.3799
11/2/2012,46.5711,40.14,36.26,36.07,71.06,12.9924,36.83,28.96,35.2,344.0835
11/9/2012,45.42,39.17,34.67,35.56,69.55,12.5863,36.27,28.24,34.6,336.0663
11/16/2012,45.1813,38.93,34.36,34.86,68.92,12.4076,35.52,27.66,34.41,332.2489
11/23/2012,47.16,40.02,34.09,36.4,71.61,12.8624,36.74,28.85,35.67,343.4024
11/30/2012,47.53,40.24,35.32,36.7,71.06,12.7974,37.13,29.13,36.04,345.9474
12/7/2012,47.42,40.48,35.455,36.05,71.56,13.0126,37.495,28.77,36.18,346.4226
12/14/2012,46.85,40.51,35.21,36.65,71.22,12.9923,37.62,28.69,35.96,345.7023
12/21/2012,47.28,40.21,35.31,37,72.07,13.3171,37.93,28.95,35.17,347.2371
12/28/2012,46.51,39.46,34.45,36.82,69.83,13.1384,37.22,28.36,34.45,340.2384
1/4/2013,48.7287,40.9,35.74,38.67,73.79,13.8449,39.12,29.5,35.81,356.1036
1/11/2013,48.87,41.77,35.4,39.01,73.61,13.8936,39.09,29.59,35.92,357.1536
1/18/2013,49.82,42.18,35.68,39.34,75.49,13.9261,39.93,29.39,36.48,362.2361
1/25/2013,50.9,42.85,36.23,39.76,76.89,14.1859,40.47,29.3,36.76,367.3459
2/1/2013,50.42,43.25,36.68,39.5,78.07,14.2996,40.47,29.73,37.17,369.5896
2/8/2013,50.72,43.39,36.69,39.38,78.58,14.2915,40.61,29.93,37.48,371.0715
2/15/2013,50.94,43.41,36.72,39.35,78.45,14.4214,41.06,29.78,37.61,371.7414
2/22/2013,50.21,43.39,37.18,38.23,77.97,14.4052,40.84,29.69,38.26,370.1752
3/1/2013,51.05,43.78,37.5,38.51,77.79,14.324,40.9,29.68,38.22,371.754
3/8/2013,52.62,44.54,37.97,39.59,78.99,14.8112,41.82,30.29,38.62,379.2512
3/15/2013,52.591,44.73,38.13,39.85,79.6,14.9777,41.97,30.2,38.485,380.5337
3/22/2013,52.62,44.93,38.17,39.07,78.75,14.7584,41.62,30.172,39.3,379.3904
3/29/2013,53,46.009,39.1,39.18,79.31,14.786,41.76,30.27,39.77,383.185
4/5/2013,52.59,46.41,39.57,38.31,77.3,14.6407,40.97,29.73,39.66,379.1807
4/12/2013,54.41,47.93,40.33,38.74,78,14.998,41.76,30.365,40.71,387.243
4/19/2013,53.24,47.6,40.73,37.76,74.56,14.6813,40.38,29.35,41.01,379.3113
4/26/2013,54.27,47.535,40.98,38.9,77.18,15.0751,41.23,30.04,40.89,386.1001
5/3/2013,55.54,47.67,40.89,39.82,79.47,15.3065,42.13,31.21,41.23,393.2665
5/10/2013,56.77,48.18,39.83,40.57,80.27,15.6313,43.19,31.59,41.16,397.1913
5/17/2013,57.55,49.1,40.32,41.26,82.12,16.1997,44.17,32.2,41.94,404.8597
5/24/2013,56.8,49.12,38.83,40.57,81.71,16.0211,43.71,31.69,41.7,400.1511
5/31/2013,56.12,48.11,37.68,40.3,80.5,16.1105,43.53,31.66,40.05,394.0605
6/7/2013,56.84,48.5,37.97,40.18,81.31,16.216,43.79,31.73,40.68,397.216
6/14/2013,56.35,48.54,38,40.05,79.91,15.8749,43.3,31.38,40.7,394.1049
6/21/2013,55.045,47.285,36.54,38.785,78.17,15.5217,42.3,30.51,39.43,383.5867
6/28/2013,56.4,47.61,37.63,38.345,78.3,15.7897,42.64,30.585,39.67,386.9697
7/5/2013,57.77,48.22,36.9,38.72,79.96,16.0942,43.3,31.18,40.03,392.1742
7/12/2013,59.72,49.88,38.64,40.03,81.91,16.5246,44.45,31.93,41.43,404.5146
7/19/2013,59.57,50.57,39.39,40.48,83.72,16.8331,45.41,31.445,41.8,409.2181
7/26/2013,59.52,51.14,39.35,40.49,83,16.76,44.93,31.73,41.53,408.45
8/2/2013,60.72,51.36,39.54,41.01,83.39,16.8981,46.02,32.21,41.75,412.8981
8/9/2013,60.08,50.91,39.14,41.38,82.59,16.5814,45.49,31.97,41.57,409.7114
8/16/2013,58.09,49.41,37.54,40.76,81.23,16.2606,44.98,31.815,40.29,400.3756
8/23/2013,58.52,49.79,37.66,41.17,81.76,16.2891,45.13,32.07,40.21,402.5991
8/30/2013,57.68,49.22,37.3,40.43,81.57,15.7856,44.04,31.4,39.51,396.9356
9/6/2013,58.65,50.2,36.98,41.07,82.88,16.0779,44.86,31.77,39.77,402.2579
9/13/2013,60.21,51.21,37.21,42.16,83.95,16.3987,46.21,32.255,40.72,410.3237
9/20/2013,60.96,51.54,37.53,42.62,84.04,16.5855,46.96,32.415,40.98,413.6305
9/27/2013,60.86,50.7,37.41,42.16,83.55,16.2769,46.68,32.24,40.23,410.1069
10/4/2013,60.98,51.22,37.15,42.55,83.74,16.2809,46.27,32.18,39.81,410.1809
10/11/2013,60.79,51.23,38.115,42.55,84.29,16.4929,46.8,32.45,40.57,413.2879
10/18/2013,62.04,52.55,38.43,43.559,86.94,16.9801,47.691,33.24,41.49,422.9201
10/25/2013,63.31,52.74,39.2,44.24,86.6,16.9387,48.76,33.5,42.02,427.3087
11/1/2013,63.56,53.115,39.06,43.67,86.08,16.743,48.97,33.66,42.51,427.368
11/8/2013,63.29,53.16,38.95,44.185,86.55,16.9387,49.38,33.9,42.67,429.0237
11/15/2013,64.95,54.32,39.365,44.925,87.66,17.1579,50.01,34.3,43.33,436.0179
11/22/2013,64.85,55.25,38.66,44.74,88.23,17.4503,50.35,34.16,43.16,436.8503
11/29/2013,65.6,55.26,38.03,44.34,86.44,17.4421,50.4,34.69,43.01,435.2121
12/6/2013,65.13,55.22,38.44,44.27,86.41,17.3691,50.34,34.82,43.08,435.0791
12/13/2013,64.48,53.81,37.51,43.99,85.13,17.1579,49.77,34.2,42.27,428.3179
12/20/2013,65.66,54.91,37.83,44.93,86.67,17.5436,51.26,34.96,42.55,436.3136
12/27/2013,66.27,55.38,37.81,46.03,88.29,17.6939,52,35.58,42.84,441.8939
1/3/2014,66.34,55.26,37.27,45.74,86.93,17.7751,51.67,35.22,42.37,438.5751
1/10/2014,66.34,56.74,38.22,45.64,86.9,17.8887,51.93,35.32,42.4,441.3787
1/17/2014,65.09,57.02,38.06,45.93,86.01,17.8075,51.82,35.75,42.07,439.5575
1/24/2014,63.5,55.66,37.98,43.87,84.3299,17.1417,49.81,35.13,41.48,428.9016
1/31/2014,62.82,55.96,39.1,44.04,83.38,17.1011,50.03,34.82,40.76,428.0111
2/7/2014,64.09,56.35,38.88,44.7,84.04,17.2879,50.47,35.1,40.93,431.8479
2/14/2014,65.17,58.21,40.28,46.12,86.03,17.5721,51.37,36.07,41.84,442.6621
2/21/2014,65.2,58.81,40.55,46.19,86.41,17.4421,51.39,35.95,41.6,443.5421
2/28/2014,66.84,59.44,40.45,47.08,87.65,17.6208,52.06,36.35,42.35,449.8408
3/7/2014,67.39,59.45,39.99,47.79,88.02,18.1648,53,36.42,42.66,452.8848
3/14/2014,65.85,58.44,40.89,46.9,86.38,17.702,51.35,35.63,42.58,445.722
3/21/2014,65.68,58.18,40.51,47.37,87.06,18.1892,51.65,36.31,42.5,447.4492
3/28/2014,64.28,57.71,41.01,46.77,89.06,17.9537,51.73,36.07,42.75,447.3337
4/4/2014,64.65,58.01,41.46,47.34,90.16,18.0024,52.54,35.92,42.95,451.0324
4/11/2014,62.24,55.71,41.69,46.03,88.45,17.2797,50.9,35.2,42.75,440.2497
4/18/2014,63.77,56.89,42.3,47.52,92.79,17.7507,52.75,36.03,43.63,453.4307
4/25/2014,63.44,57.39,43.11,47.16,93.23,17.7426,52.51,35.75,43.79,454.1226
5/2/2014,64.25,57.75,42.5,47.55,93.72,17.8563,52.82,36.39,44.2,457.0363
5/9/2014,63.84,57.82,42.26,47.75,93.67,17.8075,53.01,36.33,44.51,456.9975
5/16/2014,63.75,58.15,42.14,47.9,93.4,17.6573,53.09,36.68,44.28,457.0473
5/23/2014,65.08,59.01,41.76,48.58,94.15,17.8969,53.55,37.34,44.28,461.6469
5/30/2014,65.68,59.79,42.74,49.08,95.31,18.0999,54.05,37.82,45.04,467.6099
6/6/2014,66.92,60.16,43.08,49.72,96.81,18.514,55.31,38.19,45.23,473.934
6/13/2014,65.79,59.63,42.55,49.15,98.42,18.3597,54.5,38.13,44.71,471.2397
6/20/2014,66.08,60.68,43.47,49.64,100.93,18.5384,55.02,38.09,45.22,477.6684
6/27/2014,66.77,61.07,43.91,49.465,100.02,18.4815,54.29,38.34,44.655,477.0015
7/4/2014,68.07,62.32,42.5,50.14,100.39,18.7089,54.75,38.95,45.09,480.9189
7/11/2014,67.39,61.62,42.83,49.63,98.4,18.4247,54.07,38.92,45.26,476.5447
7/18/2014,67.4999,61.4099,42.74,49.94,98.9899,18.6033,54.24,39.4499,45.2,478.0729
7/25/2014,66.82,61.83,42.44,50.11,99.84,18.5871,53.79,39.72,44.79,477.9271
8/1/2014,65.65,60.96,41.41,48.69,95.85,18.043,51.78,38.789,43.47,464.642
8/8/2014,66.36,60.53,41.44,49.2,96.6,18.1729,52.17,38.67,43.87,467.0129
8/15/2014,67.12,61.96,41.97,49.73,96.37,18.3354,52.89,39.29,44.52,472.1854
8/22/2014,68.64,62.99,42.45,50.17,97.01,18.7738,54.15,40.11,44.84,479.1338
8/29/2014,68.82,63.86,43.28,50.53,98.74,18.9687,54.02,40.28,45.13,483.6287
9/5/2014,69.26,64.17,43.62,50.66,97.08,19.0499,54.33,40.29,45.58,484.0399
9/12/2014,68.35,63.81,42.26,49.75,93.56,18.9931,53.99,40.22,45.05,475.9831
9/19/2014,68.49,64.88,42.54,50.44,93.79,19.2042,54.43,40.34,45.43,479.5442
9/26/2014,67.41,64.4,41.76,50.4,91.981,18.9119,53.31,39.79,45.1,473.0629
10/3/2014,66.95,64.41,42.54,48.44,88.17,18.9038,52.8,39.58,45.44,467.2338
10/10/2014,64.55,62.97,42.93,46.3,83.55,18.3354,50.32,38.05,45.61,452.6154
10/17/2014,63.94,61.17,43,46.62,82.7,18.1242,51.48,37.65,44.63,449.3142
10/24/2014,66.35,65.21,44.53,48.28,85.6,18.7576,53.71,39.25,45.91,467.5976
10/31/2014,68.1,67.27,45.47,48.4,87.42,19.3585,55.21,40.54,46.71,478.4785
11/7/2014,68.0067,67.03,46.25,48.64,87.79,19.6102,56.11,40.84,47.74,482.0169
11/14/2014,69.28,67.25,44.94,49.29,86.21,19.5371,56.31,41.61,47.76,482.1871
11/21/2014,70.09,68.32,45.7,50.67,88.5,19.6589,57.18,41.67,48.45,490.2389
11/28/2014,71.81,69.61,46,49.16,79.82,19.8132,56.91,42.49,49.3,484.9132
12/5/2014,71.53,70.79,45.87,49.77,80.28,20.1543,57.26,42.12,48.85,486.6243
12/12/2014,70,68.78,45.91,46.8,74.02,19.6021,54.82,40.615,47.91,468.4571
12/19/2014,70.87,70.41,46.86,48.82,80.57,20.0406,56.59,41.57,48.62,484.3506
12/26/2014,72.23,69.13,48.55,49.23,80.11,20.2598,57.4,42.32,49.46,488.6898
1/2/2015,71.63,68.63,47.44,48.65,79.53,20.0812,56.51,41.27,48.35,482.0912
1/9/2015,70.89,70.21,47.38,48.4,76.36,19.5859,55.42,41.25,49.11,478.6059
1/16/2015,69.67,70.37,48.62,47.85,75.23,19.0743,54.73,40.38,49.27,475.1943
1/23/2015,70.93,70.94,49.14,48.25,76.66,19.3017,55.985,41.45,49.65,482.3067
1/30/2015,69.99,69.27,48.32,47.69,75.55,18.6845,54.57,39.9,48.02,471.9945
2/6/2015,72.94,69.78,46.56,49.92,79.82,19.6021,56.2,41.1,49.07,484.9921
2/13/2015,74.89,70.72,45.17,51.44,82.04,19.8376,57.17,42.65,49.5,493.4176
2/20/2015,75.44,72.18,45.69,51.93,80.54,19.8457,58.16,43.08,49.6,496.4657
2/27/2015,75.97,72.24,45.23,51.49,79.02,19.7726,57.49,43.09,50.01,494.3126
3/6/2015,75.41,71.41,43.39,50.46,76.78,19.6752,56.46,42.39,48.76,484.7352
3/13/2015,75.16,71.81,43.48,49.84,74.63,19.7483,56.08,41.49,48.28,480.5183
3/20/2015,76.77,74.9,44.98,49.23,76.91,20.0649,57.12,42.54,48.94,491.4549
3/27/2015,74.91,73.04,43.88,48.61,76.4,19.4316,55.55,41.37,48.71,481.9016
4/3/2015,75.69,71.99,44.55,48.97,77.72,19.6589,55.43,41.37,49.13,484.5089
4/10/2015,76.67,74.06,44.66,49.7,80.14,19.6833,56.97,42.08,49.6,493.5633
4/17/2015,75.23,73.29,44.1,49.62,81.91,19.594,55.8,41.47,49.06,490.074
4/24/2015,77.63,74.39,45.15,50.26,81.98,19.7158,56.32,43.13,49.19,497.7658
5/1/2015,76.35,72.68,44.47,51.25,82.87,19.7645,56.33,43.1,48.81,495.6245
5/8/2015,76.6,73.45,44.03,51.57,81.76,20.1056,56.58,43.03,49.17,496.2956
5/15/2015,76.59,74.26,44.32,51.51,80.67,20.0568,57.11,43.31,49.75,497.5768
5/22/2015,76.94,74.98,44.57,51.12,80.2,20.1868,56.9,43.6,49.25,497.7468
5/29/2015,76.3,74.94,44.5,50.61,78.39,19.9756,55.81,43.37,48.79,492.6856
6/5/2015,76.52,74.34,42.72,50.01,77.67,20.1299,55.86,42.95,47.59,487.7899
6/12/2015,76.59,74.44,42.54,50.2,76.95,20.3329,55.98,42.67,48.06,487.7629
6/19/2015,77.45,75.71,42.79,50.21,75.91,20.0893,55.72,42.54,48.66,489.0793
6/26/2015,77.9,75.99,41.79,49.39,76.08,20.2111,55.07,42.26,48.43,487.1211
7/3/2015,77.2,74.84,42.23,48.51,74.53,20.0081,54.23,41.74,48.17,481.4581
7/10/2015,77.67,75.28,42.97,47.7,73.49,20.0081,54.17,41.44,49.18,481.9081
7/17/2015,79.15,76.97,43.35,47.66,72.44,20.6171,54.92,43.44,50.07,488.6171
7/24/2015,78.85,74.85,42.33,45.08,69.51,20.3979,52.9,42.36,49.68,475.9579
7/31/2015,80.22,76.59,43.99,45.95,69.38,20.471,54.22,42.58,50.31,483.711
8/7/2015,78.28,75.32,44.39,45.22,67.03,20.4628,53.69,42.12,50.16,476.6728
8/14/2015,78.36,75.38,45.57,45.72,69.34,20.5034,54.38,42.42,50.16,481.8334
8/21/2015,74.36,71.7,45.05,43.19,63.5,19.1961,51.46,39.56,47.71,455.7261
8/28/2015,75.56,71.8,43.15,43.6,65.75,19.188,51.75,40.6,47.64,459.038
9/4/2015,73.85,68.68,40.96,42.05,63.79,18.3922,50.36,39.3,46.52,443.9022
9/11/2015,75.52,70.63,41.55,42.81,63.37,18.7738,51.51,40.46,47.1,451.7238
9/18/2015,75.46,70.91,42.23,41.88,63.1,18.4003,50.86,40.06,47.19,450.0903
9/25/2015,74.7,66.88,42.73,40.2,62.37,18.5221,49.81,39.81,47.48,442.5021
10/2/2015,75.88,68.29,43.35,41.36,63.85,18.4328,50.41,40.08,47.84,449.4928
10/9/2015,77.72,68.44,43.79,44.15,68.94,18.8713,53.38,41.48,49.46,466.2313
10/16/2015,78.29,69.76,44.78,44.09,69.23,19.123,52.55,41.97,49.63,469.423
10/23/2015,79.63,69.33,44.59,45.02,68.26,19.6021,54.66,43.83,50.74,475.6621
10/30/2015,80.97,71.34,43.75,45.28,68.03,19.5534,54.27,43.65,49.88,476.7234
11/6/2015,81.42,71.75,42.25,45.33,69.8,20.0812,54.86,44.34,49.18,479.0112
11/13/2015,77.73,69.57,42.54,44.4,65.98,19.4235,53.52,42.37,47.83,463.3635
11/20/2015,81.23,71.52,43.39,45.53,66.9,20.0325,55.37,44.2,49.08,477.2525
11/27/2015,81.47,72.09,42.75,45.62,67.77,19.9594,55.095,43.91,49.96,478.6244
12/4/2015,81.22,71.78,42.47,45.82,64.7,20.1218,54.56,44.57,50.44,475.6818
12/11/2015,78.06,70.3,41.79,43.94,60.46,19.0418,52.61,42.8,49.48,458.4818
12/18/2015,77.33,70.49,42.51,42.27,58.79,18.92,51.74,42.17,49.34,453.56
12/25/2015,78.48,72.45,43.47,44.11,61.57,19.4965,53.46,43.25,50.87,467.1565
1/1/2016,78.1608,72.03,43.28,43.42,60.32,19.3504,53.01,42.83,50.49,462.8912
1/8/2016,73.61,68.02,43.11,40.06,56.05,17.9456,49.72,40.09,49.02,437.6256
1/15/2016,71.5,66.87,43.41,38.25,54.35,17.3934,48.647,39.34,48.3,428.0604
1/22/2016,73.31,67.85,43.8,38.51,55.74,17.2797,48.64,40.38,49.29,434.7997
1/29/2016,74.11,66.47,45.42,38.77,58.21,17.637,49.99,41.24,50.76,442.607
2/5/2016,70.16,64.4,46.57,40.61,55.94,17.0118,50.04,39.5,49.63,433.8618
2/12/2016,69.79,64.37,45.56,39.94,55.28,16.6382,49.67,39.27,50.07,430.5882
2/19/2016,72.74,65.93,46.2,40.75,56.81,17.0361,51.32,40.66,50.84,442.2861
2/26/2016,74.83,67.3,46.17,42.06,57.23,17.3122,52.45,41.26,51.09,449.7022
3/4/2016,76.72,67.41,47.11,43.46,60.96,18.0917,53.78,42.42,52.04,461.9917
3/11/2016,77.3,68.59,48.15,44.4,62.36,18.2623,54.04,42.87,52.45,468.4223
3/18/2016,78.09,66.84,48.63,45.42,63.49,18.4572,55.63,43.59,52.65,472.7972
3/25/2016,77.55,67.39,48.91,44.55,61.84,18.1161,55.12,43.62,52.32,469.4161
4/1/2016,79.43,68.55,49.81,45.24,61.06,18.4328,55.73,44.7,53.62,476.5728
4/8/2016,77.87,69.35,48.85,44.52,62.37,17.905,54.71,43.89,53.41,472.875
4/15/2016,79.49,70.02,48.89,46.03,63.5392,18.5952,56.05,44.34,53.035,479.9894
4/22/2016,79.46,71.87,47.3492,47.21,67.04,19.123,56.41,43.44,51.96,483.8622
4/29/2016,79.2,69.7908,48.42,47.1,67.5,18.9281,56.16,42.13,52.3,481.5289
5/6/2016,79.28,69.18,48.83,46.16,65.27,18.782,55.64,42.25,53.24,478.632
5/13/2016,78.11,69.14,49.39,45.95,64.99,18.579,55.05,42.21,53.24,476.659
5/20/2016,77.7,69.69,48.29,46.28,66.16,18.8469,55.03,42.73,52.16,476.8869
5/27/2016,79.32,71.18,48.83,47.18,67.13,19.3341,55.93,44.1,53,486.0041
6/3/2016,79.11,72.29,50.08,47.66,66.54,19.0905,55.99,43.94,53.56,488.2605
6/10/2016,78.49,71.78,50.57,47.74,67.37,18.8063,56.47,43.96,54.13,489.3163
6/17/2016,77.93,70.06,50.55,47.2,66.89,18.3597,55.73,43.05,53.47,483.2397
6/24/2016,76.15,69.29,50.61,46.02,66.78,17.9293,54.38,42.28,53.1,476.5393
7/1/2016,78.87,72.16,52.48,46.36,68.6,18.4653,56.19,43.47,54.89,491.4853
7/8/2016,80.62,73.69,52.54,46.96,67.71,18.6114,57.23,44.13,55.69,497.1814
7/15/2016,80.98,74.08,52,48.78,69.23,19.0986,58.69,45.01,55.7,503.5686
7/22/2016,81.6,74.99,52.76,48.66,68.32,19.2286,58.29,45.83,55.5,505.1786
7/29/2016,81.62,75.2,52.12,48.69,67.38,19.2042,58.04,46.45,54.7,503.4042
8/5/2016,81.57,75.25,50.73,48.77,67.53,19.5047,58.31,47.05,54.59,503.3047
8/12/2016,82,74.78,50.9,48.42,68.7,19.3747,58.56,47.11,55.09,504.9347
8/19/2016,81.5,74.36,50.27,48.99,70.41,19.4965,59.02,47.02,54.92,505.9865
8/26/2016,80.94,73.07,49.15,48.73,69.38,19.5777,58.66,47.05,54.31,500.8677
9/2/2016,80.88,72.65,49.63,49.25,69.08,19.9513,58.93,47.35,54.82,502.5413
9/9/2016,78.43,71.51,48.46,47.44,69.7,19.5209,57.12,46.16,52.69,491.0309
9/16/2016,78.51,72.11,49.26,46.76,67.45,19.1799,56.61,47.21,52.79,489.8799
9/23/2016,79.67,73.11,50.94,47.31,67.64,19.38,57.72,47.49,53.34,496.6
9/30/2016,80.04,72.11,48.99,47.75,70.61,19.3,58.38,47.78,53.21,498.17
10/7/2016,79.74,71.87,47.12,46.86,70.61,19.62,57.56,47.62,52.33,493.33
10/14/2016,78.89,69.62,47.75,46.32,69.8,19.42,57.23,47.37,52.37,488.77
10/21/2016,79.59,69.71,48,47.06,70.19,19.65,56.99,47.53,52.23,490.95
10/28/2016,78.04,67.78,48.46,46.73,69.37,19.77,57.1,47.44,52.67,487.36
11/4/2016,76.73,66.48,47.95,46.4,67.77,19.49,56.47,46.18,51.61,479.08
11/11/2016,79.72,70.49,46.03,48.15,69.46,21.67,61.05,46.73,50.54,493.84
11/18/2016,81.2,69.7,46.29,48.32,71.13,22.16,61.3,47.36,50.5,497.96
11/25/2016,82.98,69.48,47.16,49.56,72.72,22.41,62.71,48,51.22,506.24
12/2/2016,81.44,68.41,46.8,49.98,74.83,22.65,62.81,46.69,50.57,504.18
12/9/2016,84.31,68.85,47.96,51.5,76.6,23.75,63.98,48.65,52.04,517.64
12/16/2016,82.69,69.58,48.41,50.42,76.51,23.36,62.58,48.59,52.05,514.19
12/23/2016,82.45,69.46,48.61,50.27,76.35,23.58,62.99,48.97,52.06,514.74
12/30/2016,81.4,68.94,48.57,49.7,75.32,23.25,62.22,48.36,51.71,509.47
1/6/2017,83.32,70.95,48.83,50.62,75.89,23.54,63.14,49.4,52.12,517.81
1/13/2017,83.96,70.92,48.51,50.87,74.38,23.51,63.22,49.66,51.52,516.55
1/20/2017,83.93,69.84,48.64,51.09,74.54,23.15,63.44,49.8,52.58,517.01
1/27/2017,85.06,69.75,48.39,52.81,74.23,23.65,64.49,50.74,52.38,521.5
2/3/2017,84.49,71.42,48.9,52.08,73.4,23.72,63.62,50.69,53,521.32
2/10/2017,85.73,71.86,49.29,52.1,73.28,23.78,64.73,51.32,53.62,525.71
