Date,S&P GSCI Crude Oil,S&P 10-Year U.S. Treasury Note,Gold & Silver,DJ Real estate,US dollar,XLY,XLV,XLU,XLB,XLE,XLF,XLI,XLK,XLP
12/25/1998,61.55,102.468,286.25,139.43,94.89,26.0469,25.75,30.25,21.5313,23.625,19.3362,24,32.6875,27.0938
1/1/1999,66.04,103.48,287.75,141.59,94.17,26.125,26,30.2344,21.9219,23.3438,19.0317,24.5625,32.625,27.1563
1/8/1999,71.67,102.415,291.35,144.06,94.35,27.1563,26.9844,30.4844,23.1719,23.9688,20.2497,25.2188,34.875,27.0469
1/15/1999,66.86,103.101,287.05,141.78,94.72,26.1719,26.8281,29.5313,22.0781,22.7188,19.1839,24.3594,34.7813,26.125
1/22/1999,69.55,103.706,286.45,141.24,94.66,26.4688,26.6719,30.5,21.0781,22.5938,18.7525,23.5313,34.75,25.3906
1/29/1999,69.88,103.874,286.15,137.99,96.08,27.4688,27.25,29.4844,21.1094,21.8125,19.3615,24.2969,37.8125,26.7969
2/5/1999,64.84,102.001,288.55,138.8,96.22,26.7813,27,28.7656,22.2344,22.875,18.3719,24.3281,35.3125,26.2813
2/12/1999,65.55,101.434,289.55,134.76,96.31,26.75,26.875,28.3438,21.4219,22.1563,18.6764,24.3594,34.7813,26.1719
2/19/1999,65.22,101.331,288.25,134.76,98.27,27.1719,27.2656,28.8594,21.3281,21.7188,19.2854,24.6406,34.3438,26.3906
2/26/1999,67.25,100.245,287.05,135.54,98.71,27.2969,27.2813,28.6719,21.4375,21.625,19.666,24.5156,34.0625,26.5156
3/5/1999,73.01,99.979,288.45,136.47,100.24,28.6563,28.1563,28.7656,21.625,22.8594,20.5542,25.1719,34.6875,27.0781
3/12/1999,79.41,100.779,292.35,135.61,99.13,29.2188,28.25,28.7969,22.0156,24.5,21.0998,25.5,34.9375,27.4375
3/19/1999,84.18,100.868,284.25,133.11,99.05,29.0625,28.3906,28.2031,22.3281,24.7813,20.7064,25.3438,35.5,27.625
3/26/1999,88.62,100.708,279.75,131.74,100.19,28.3125,27.9063,27.3281,21.75,24.75,20.2751,24.8281,35.7813,26.9219
4/2/1999,91.2,100.481,279.85,132.41,100.2,28.5625,28,27.25,22,24.5625,20.3004,25.2031,37.1719,26.4844
4/9/1999,90.79,102.197,281.55,131.84,100.06,30.2813,29.5938,28.2188,22.3125,25.375,21.4423,25.8125,39,26.9688
4/16/1999,95.03,101.402,284.25,142.77,100.08,29.7188,28.7188,28.3438,25.5938,27.1406,21.214,28.0781,36.1875,26.1406
4/23/1999,98.32,101.376,283.55,146.97,100.87,30.3438,30.3906,29.3438,25.625,26.75,21.9752,28.4531,38,26.6094
4/30/1999,102.27,100.966,286.55,147.04,101,29.3438,29,29.2656,27.125,28.2344,21.6707,28.6875,36.8125,25.5156
5/7/1999,99.7,100.007,282.75,148.75,99.99,29.4688,29.2813,29.4219,28.2031,28.6406,21.417,30,37,26.0156
5/14/1999,98.54,99.461,275.95,150.22,100.93,29.4688,29.25,29.3594,27.1094,27.8125,21.417,29.125,37.5,25.75
5/21/1999,95.42,99.742,272.95,151.46,101.64,28.7813,29.1563,29.5781,26.3594,28.1875,20.8841,28.8594,37.5625,25.9219
5/28/1999,92.29,99.082,270.45,149.46,102.51,28.0156,28.1094,29.6094,24.6563,27.625,20.3639,28.125,36.9375,25.25
6/4/1999,94.92,98.448,264.8,149.64,102.65,29,29,29.75,26.25,28.3125,20.3004,29.1094,37.3281,26.0625
6/11/1999,101.56,97.451,260.65,147.28,101,27.8125,27.9688,29.7813,25.9531,28.625,19.9198,28.7656,36.625,24.625
6/18/1999,99.64,98.679,259.55,147.17,102.31,28.4375,29,30.5938,27,28.875,20.8079,30.0313,39.0625,25.0469
6/25/1999,100.79,97.738,260.25,144.23,102.28,28.1875,28.375,29.6719,25.6875,27.4375,20.2243,29.0938,38.7344,24.5469
7/2/1999,107.91,98.998,263.5,145.13,103.49,30.0938,29.4375,30.5469,26.7813,28.3594,21.417,29.9688,41.4688,25.875
7/9/1999,109.55,99.047,256.95,143.81,104.44,29.8125,29.625,30.4844,26.7344,28.9844,21.4677,29.9219,42.7344,25.6719
7/16/1999,113.56,100.072,253.85,142.85,104.08,30.0313,29.8438,31.2344,26.2344,29.125,21.417,29.9531,43.8438,25.875
7/23/1999,113.07,99.211,254.65,140.03,101.55,28.3125,28.8125,31.0156,26,28.2813,20.5542,29.6563,40.6875,25.0781
7/30/1999,112.52,98.795,255.95,138.07,99.75,27.5625,28.4688,30.7344,25.7031,28.5781,19.8944,28.7188,40.0156,24.6406
8/6/1999,114.53,98.212,256.15,133.99,99.59,26.0313,27.375,30.6875,26.1875,29.1563,18.854,28.4844,39.625,24.0313
8/13/1999,119.31,98.556,260.65,134.28,100.77,27.0938,27.5938,30.3281,26.7188,29.8438,19.6407,29.0156,40.5,24.25
8/20/1999,119.92,99.222,257.4,134.82,99.55,27.375,27.9375,29.8125,26.6563,29.8438,20.0721,29.1719,40.0625,24.8125
8/27/1999,116.57,99.61,253.75,133.09,101.02,27.4063,27.9531,29.9063,25.6563,28.8906,19.6914,29.6406,41.75,25.25
9/3/1999,120.57,99.493,254.25,133.49,99.78,26.9375,27.7969,29.5156,25.1875,28.8438,19.6914,29.4844,43,25.375
9/10/1999,129,99.685,256.55,132.69,101.02,26.9688,27.9688,29.1094,25.3438,30.0313,18.9428,29.6094,43.5625,24.875
9/17/1999,132.52,100.017,255.25,129.99,100.34,26.2813,28.1719,29.4219,24.5469,28.9375,18.6003,29.3281,43.1875,24.2969
9/24/1999,135.7,100.86,268.75,126.46,99.64,25.5313,26.5469,28.7344,22.8594,27,18.0674,28.0469,41.0938,23.2656
10/1/1999,134.5,99.42,309,127.27,98.06,26.2188,26.7188,29.5781,23.8125,27.3438,17.6614,28.3594,41,23.125
10/8/1999,114.59,99.228,320.15,126.69,99.02,28.1094,27.4844,29.5,24.2969,26.1094,18.8794,29.3906,42.5156,24.4688
10/15/1999,125.07,99.036,315.15,123.57,97.04,26.3281,25.7969,28.5,23.4375,26.3281,16.9509,27.3438,39.8594,22.7656
10/22/1999,128.52,98.505,302.4,122.67,98.48,27.7031,26.6875,28.3281,24.0625,27.5781,19.0317,27.4844,39.875,24.5938
10/29/1999,119.2,100.054,299.2,125.05,99.06,28.3906,28.1719,29.9375,24.2656,27.0313,20.7572,28.125,42.5,24.8281
11/5/1999,125.92,100.836,290.5,125.61,100.28,28.2813,28.1406,29.6875,24.4844,25.5625,21.1378,27.625,43.6719,25.0938
11/12/1999,135.76,100.993,291.3,123.96,100.75,28.7188,29.0625,29.5625,24.3438,27.875,21.0617,27.875,45.25,24.8125
11/19/1999,143.26,100.321,295,123.26,100.89,28.5,29.3125,29.375,24.7031,28.3438,20.7826,28.625,47.5469,25
11/26/1999,147.27,100.25,297.12,121.43,101.35,28.5625,28.6875,28.9219,24.1719,27.25,19.9959,28.0938,48.5313,25.25
12/3/1999,141.46,100.318,279.8,121.68,102.51,28.9531,29.25,29.4844,24.6406,27.125,20.2497,28.1094,49.625,25.1094
12/10/1999,136,101.399,278.95,118.46,101.66,29.0938,29.8906,29.0781,24.7813,26.3125,19.8183,27.7344,49.6875,23.7188
12/17/1999,145.35,99.747,283.6,120.78,102.18,30.1875,30.25,29.0625,26.2031,27,18.7272,28.5313,51.5625,23
12/24/1999,141.78,99.095,287.63,122.4,101.58,30.0781,30.4375,28.8281,25.3906,27.0938,19.2347,28.3125,53.3438,23.3125
12/31/1999,140.3,99.36,288,125.77,101.87,31.0625,30.8906,28.1406,26.5781,27.0938,19.2981,29.6094,53.875,23.0313
1/7/2000,132.24,98.769,281.75,128.58,100.72,30.5625,29.7969,27.4844,27.4531,28.0781,18.7018,29.375,51,24.375
1/14/2000,148.74,97.869,284.2,128.32,101.72,30.1406,32.0938,26.9688,26.5625,28.0625,19.425,29,52.875,24.1563
1/21/2000,154.55,97.323,289.1,130.02,101.81,28.8906,31.9375,27.875,24.8594,29.0938,18.1435,28.3281,53.625,23.3281
1/28/2000,149.18,98.365,283.25,127.52,104.48,27,30.25,26.4219,23.4688,26.6875,18.2196,27,48.9375,22.8125
2/4/2000,157.95,99.07,310.3,126.75,104.29,28.0625,31.6406,27.1094,23.4219,26.3125,18.3338,27.1094,54.125,22.7188
2/11/2000,155.65,98.074,310.95,124.32,104.1,26.9844,30.6563,26.2344,21.7188,25.7188,17.4584,25.4688,54.375,21.5781
2/18/2000,155.92,98.879,305,123.76,104.63,25,28.2031,24.9844,21.7656,26.5156,16.4434,25.7969,53.625,21.2813
2/25/2000,166.34,100.158,292.6,122.48,105.26,24.2813,27.3438,23.4375,21.0625,24.8125,16.0881,25.3281,55.2813,20.2031
3/3/2000,172.7,100.092,288.8,123.37,106,25.8281,28.6406,26.2344,20.9688,26.875,17.0016,26.3438,58.5781,20.2656
3/10/2000,165.65,100.105,289,123.62,105.71,24.9688,27.8281,25.5781,20.375,27.75,16.2784,25.7813,59.75,19.5781
3/17/2000,159.38,101.691,284.6,127.69,105.2,28.2656,29.3125,26.6406,22,27.7813,18.816,27.5938,59.875,21.0938
3/24/2000,153.57,101.511,285,128.09,104.77,28.3594,31.2188,25.9375,22.5156,28.0313,20.1989,29.0469,63.9844,20.5781
3/31/2000,147.43,103.07,279.08,128.75,105.44,29.2656,30.6719,26.7344,23.0469,29.3125,19.7041,29.2031,60.5625,21.2188
4/7/2000,136.61,104.023,280,130.88,105.97,30.125,30.7656,27.7344,22.875,28.8594,19.4884,29.5781,60.5625,21.8125
4/14/2000,133.34,103.777,282.6,130.53,105.47,28,27.7188,27.625,22.625,28.5,18.245,27.5938,49.5,21.7344
4/21/2000,141.84,103.563,280,131.44,107.45,29.2188,29.5938,27.625,22.5,28.6094,19.2347,28.7188,52.875,22.75
4/28/2000,141.07,102.341,273.55,133.23,110.14,28.6563,30.3125,28.4844,22.2813,28.875,19.8944,29.625,55,22.3438
5/5/2000,149.16,100.674,278.95,137.34,111.31,27.8281,28.8438,27.5625,22.7813,30.0625,18.7525,29.5625,53.4219,23.2188
5/12/2000,161.08,100.791,276.15,137.33,109.9,28.6875,29.125,28.1563,23.1563,31.6094,19.3362,30.0938,50.125,23.3125
5/19/2000,163.6,100.943,274.25,136.6,111.47,28.1406,28.8438,27.8438,23.25,31.8125,19.6407,29.6875,48.5625,23.9844
5/26/2000,164.42,102.584,272.25,133.89,109.12,26.2813,28.0313,28.0625,21.5313,30.8906,19.6914,28.7813,47.1875,24.3125
6/2/2000,166.34,103.814,281.15,135.87,108.12,28.0625,30.0313,28.5313,22,30.875,21.8737,29.9531,53.8438,23.1719
6/9/2000,162.42,104.098,283.85,137.48,106.99,26.3125,29.8125,29.1719,21.3125,31.1719,20.5034,29.1875,54.125,23.7344
6/16/2000,164.53,105.182,289.25,139.57,105.96,25.8438,30.125,28.8438,21.375,31.75,19.4884,28.9844,54.375,24.2188
6/23/2000,176.75,103.933,283.15,139.82,108.1,25.125,29.5,29,20.2344,31.4219,19.4377,27.5938,53.8281,24.0625
6/30/2000,178.12,105.217,289.53,136.64,106.84,25.5938,29.5625,27.25,19.6406,30.3438,19.2854,28.2813,54.1875,25.2344
7/7/2000,165.95,105.737,283.65,143.69,107.65,27.7188,29.875,28.6406,19.6563,29.7031,20.3512,28.4688,54.5,25.2031
7/14/2000,166.78,105.123,281.3,142.4,108.45,28.2188,30.4063,28.2344,20.7031,30,20.9348,29.6875,56.9375,24.2813
7/21/2000,156.53,106.099,280.35,145.53,108.44,27.625,29.4688,28,20,28.9375,20.9602,30,54.9375,24.125
7/28/2000,154.44,106.106,278.38,149.12,109.74,26.5313,28.8438,27.5938,19.7188,29.375,20.6303,28.2813,50.2813,24.5781
8/4/2000,164.2,107.24,273.5,148.42,110.85,26.1406,30.2656,28.6406,19.9844,30,22.4954,29.2188,51.4688,25.0625
8/11/2000,167.6,107.149,275.15,149.81,111.21,26.75,30.0938,28.2969,21,31.25,22.6223,30.875,51.875,24.4375
8/18/2000,172.97,107.429,276.65,148.64,111.01,26.1563,30.125,28.0313,20.7969,32.375,22.3559,30.7188,54.1875,24.2813
8/25/2000,175.55,107.978,274.25,145.76,111.35,26.1094,30.2969,28,20.3125,32.625,22.1402,31.4063,55.2969,24.5313
9/1/2000,182.94,108.53,276.75,145.29,111.42,25.4219,30.125,29.0938,20.0625,32.7031,22.7365,31.8438,56.5625,23.875
9/8/2000,183.37,108.356,273.05,149.74,114.34,26.3281,29.1875,30.5,19.4688,32.875,23.5231,31.4375,53,23.7031
9/15/2000,190.29,108.027,272.45,149.93,116.1,26.3594,29.1563,30.5313,18.375,33.9375,23.2567,30.375,50.7656,23.625
9/22/2000,179.11,108.288,272.15,148.73,113.82,25.6406,28.375,30.2813,17.5,31.9844,22.8126,29.7188,49.25,24.9375
9/29/2000,169.02,108.789,274.25,149.2,113.25,24.8906,29.0625,32.2813,18.1719,32.7656,23.5485,30.5625,46.375,24.9844
10/6/2000,169.19,108.934,269.65,143.45,114.85,24.0156,29.3438,32.1875,18.5625,32.25,22.7872,30.25,44.4219,25.1719
10/13/2000,187.05,109.829,272.65,140.98,115.86,22.3125,28.0156,31.6563,17.4688,33,21.62,29.7188,43.4375,25.2344
10/20/2000,180.59,110.624,271.55,140.42,117.16,23,27.6875,31.6719,17.2344,33.0625,22.0513,29.4375,45.2813,25.5
10/27/2000,179.44,110.194,264.55,140.8,117.39,22.9531,28.2969,32.625,18.1875,31.125,22.3432,29.8281,42.3594,26.2031
11/3/2000,179.27,109.594,265.15,141.01,114.97,24.6406,29.8594,33.8125,19.5,31.625,23.2947,30.9688,44.3125,26.3438
11/10/2000,182.24,110.12,264.75,139.34,115.79,22.9219,28.4531,34.125,19.4063,32.0625,23.0283,30.6563,38.75,27.3594
11/17/2000,191.99,110.887,265.75,141,117.31,24.2188,28.125,33.5313,19.1406,32.4844,22.1782,30.7813,40,27
11/24/2000,194.02,111.449,266.35,140.78,118.48,23.3438,27.1719,33.7188,19,33,21.2013,30.7188,38.625,27
12/1/2000,175.49,112.441,269.4,142.49,114.73,24,27,33.4844,19.9063,30.875,22.026,30.4531,35.2031,27.2344
12/8/2000,155.1,113.534,272.8,146.76,114.05,25.2656,28.1406,33.3438,20.375,30.9844,23.447,32.2344,37.6875,27.2813
12/15/2000,152.69,114.919,270.95,148.18,112.9,23.7188,27.6875,33.625,19.9688,30.7969,22.5208,30.25,34.6875,27.2188
12/22/2000,143.48,116.047,273.95,148.78,110.82,24.5,26.9531,32.1719,21.3594,32,23.4343,30.1563,32.7344,27.5
12/29/2000,146.88,115.454,272.25,150.64,109.56,25.5938,27.25,33.1875,21.4219,33.1875,23.9545,31.25,31.3125,28.5625
1/5/2001,153.18,116.96,268.15,148.38,108.42,27.0313,28.25,31.1875,21.375,31.9219,23.5993,30.5,32.5,26
1/12/2001,157.62,115.152,264.3,148.84,109.27,26.8438,29.4375,31.2188,19.7188,31.5156,22.9522,30.9063,35.0313,25.75
1/19/2001,165.46,115.992,264.75,149.44,110.67,25.625,29.1406,31.25,19.5938,30.6094,22.8887,31.0313,38.0781,25.8125
1/26/2001,163.16,115.418,263.05,151.27,111.46,27.0625,28.9844,31.125,19.9531,31.7813,23.9672,30.6719,37.375,26.3281
2/2/2001,170.94,116.5,267.55,150.52,110.32,27.99,29.26,31.35,20.89,32.25,23.9951,30.86,35.64,26.88
2/9/2001,169.11,116.924,260.65,147.84,111.52,26.75,29.25,32.02,20.6,33.92,23.6622,30.12,32.62,27.17
2/16/2001,158.94,116.43,258.95,148.27,112.26,27.24,29.19,32.01,20.62,33.02,23.5891,30.08,31.99,26.63
2/23/2001,159.16,116.715,261.55,145.54,112.03,26.43,28.38,31.94,20.25,32.04,22.095,29.5,29.33,26.28
3/2/2001,152.58,117.588,262.85,150.28,111.17,26.3,28.61,31.7,21.64,32.83,22.3467,29.45,27.8,26.64
3/9/2001,154.4,117.923,271.75,150.19,111.44,27.5,28.59,31.48,22.52,34.07,22.3305,30.15,27.15,26.21
3/16/2001,147.54,119.216,259.05,146.55,115.32,25.5,27.07,30.1,20.25,31.45,21.0719,27.01,25.44,24.31
3/23/2001,149.62,119.284,262.3,145.78,115.94,25.18,25.8,28.95,19.75,30.53,20.4304,26.09,26.8,23.71
3/30/2001,144.09,118.807,257.95,147.99,117.37,26.09,26.82,31.29,19.97,30.7,21.5509,26.59,24.8,24.72
4/6/2001,148.66,119.411,260.05,146.43,114.75,25.98,26.59,30.57,20.47,30.64,20.6821,26.36,23.35,24.42
4/13/2001,156.69,117.39,259.25,145.4,115.54,25.27,27.1,31.44,21.35,31.66,21.6159,27.85,26.54,24.45
4/20/2001,151.16,116.83,264.65,148.01,114.32,27.11,28.98,31.68,21.83,32.06,22.2818,29.38,30,24.38
4/27/2001,154.94,116.479,263.65,151.85,115.62,27.79,28.8,32.77,22.42,33.87,22.6959,29.94,28.37,25.06
5/4/2001,155.43,117.794,266.15,150.78,114.93,27.75,28.86,32.6,22.69,32.69,22.9801,29.92,29.55,25.42
5/11/2001,159.38,115.72,268.05,149.71,116.84,28,28.96,32.39,22.72,32.77,22.3711,30.09,28.5,25.18
5/18/2001,166.28,116.295,287.55,152.99,116.41,28.58,30.1,33.3,24.38,34.68,23.0532,31.95,29.49,26.01
5/25/2001,155.54,115.866,277.65,155.46,118.18,28.24,30.24,32.68,23.09,33.38,23.2887,31.16,29.65,25.4
6/1/2001,153.07,117.03,267.05,154.7,118.89,27.85,29.81,32.75,23.14,33.4,23.2724,30.78,28.1,25.91
6/8/2001,155.92,117.29,273.75,156.25,119.21,28.11,29.9,31.88,23.43,32.79,23.0938,30.71,29.03,25.83
6/15/2001,156.86,118.366,271.55,158.78,118.29,26.98,28.9,30.82,22.23,32.39,22.3954,29.85,26.45,25.32
6/22/2001,147.05,119.514,272.6,160.18,118.91,27.98,29.11,30.59,21.8,31.53,23.3861,29.5,26.4,25.12
6/29/2001,143.87,117.333,270.85,162.43,119.47,27.67,29.55,31.15,22.06,30.35,23.0613,28.9,28.17,24.31
7/6/2001,154.61,117.84,266.25,161.64,119.9,26.67,28.86,31.55,21.87,30.39,22.7121,28.73,25.9,24.23
7/13/2001,143.26,119.081,267.35,159.83,119.33,28.66,29.16,31.63,22.39,29.67,22.8502,29,27.34,24.3
7/20/2001,142.17,120.198,270.05,160.2,117.21,29.15,28.83,31.1,22.38,29.66,22.5984,29.25,26.3,25.28
7/27/2001,148.09,120.655,267.55,158.65,116.94,28.7,29.17,30.77,21.67,30.32,22.6634,28.9,26.31,24.69
8/3/2001,151.38,120.344,268.55,160.04,116.14,28.86,28.99,31.09,21.7,29.42,23.0045,29.18,26.9,25.08
8/10/2001,150.53,121.265,274.55,162.61,115.29,28.18,28.6,30.76,21.73,28.98,22.5741,29.04,25.54,25.07
8/17/2001,140.36,122.364,279.25,164.98,112.99,27.18,27.89,30,21.71,29.33,22.0706,28.37,24.13,25.46
8/24/2001,147.43,122.033,272.85,165.65,113.33,27.28,28.81,30.34,22.25,29.62,22.1762,28.87,24.96,26
8/31/2001,149.07,122.845,274.4,162.01,113.42,26.37,27.49,29.77,21.91,28.73,21.3317,27.85,23.02,25.17
9/7/2001,153.62,123.358,273.15,157.74,114.05,24.63,26.07,29.63,20.96,28.78,20.2192,26.5,21.02,24.9
9/14/2001,162.53,125.836,285.55,157.14,114.15,24.42,25.73,30.12,20.55,28.87,20.2598,26.45,21.47,25.45
9/21/2001,142.33,124.714,291.45,144.73,112.92,21.05,21.96,29.13,17.65,25.08,17.7832,21.68,18.34,23.51
9/28/2001,128.41,125.767,293.25,152.89,113.41,22.97,23.5,29.26,19.2,25.82,20.0406,23.67,19.25,25.06
10/5/2001,123.17,126.674,291,149.97,112.79,24.1,23.9,29.91,19.58,27.2,19.8619,24.51,20.67,25.42
10/12/2001,125.07,125.627,284.45,152.86,113.61,24.85,24.36,29.48,20.2,28.31,19.8863,25.06,21.92,25.35
10/19/2001,122,126.115,279.65,148.73,114.88,24.06,23.49,29.53,19.71,26.95,19.7483,24.34,21.23,25.6
10/26/2001,120.74,127.092,277.35,146.1,115.54,25.04,24.26,28.26,20.68,28.01,20.7064,25.7,22.58,25.62
11/2/2001,110.6,128.411,279.95,147.69,114.46,25,24.08,28.06,20.46,26.53,20.1868,24.97,22.12,25.44
11/9/2001,122.57,128.841,277.45,149.51,115.1,25.8,24.67,28.64,21.04,27.35,20.8851,25.82,23.53,25.39
11/16/2001,100.68,123.962,274.85,153.72,116.41,26.85,26.05,28.47,21.86,25.3,21.0719,26.62,24.45,25.68
11/23/2001,103.91,123.046,272.9,154.62,117.34,27.45,26.35,28.22,22.27,26.07,21.5185,26.87,24.39,26.13
11/30/2001,106.54,125.632,274.4,155.06,116.13,27.4,26.36,27.37,22.22,25.36,21.0394,26.5,24.54,26
12/7/2001,104.8,122.152,274.55,157.99,116.07,28.11,27.59,27.7,22.17,25.98,21.4535,27.19,25.6,25.82
12/14/2001,106.82,122.229,278.45,155.61,114.93,27.51,26.4,27.15,21.2,25.1,20.7064,26.32,24.52,24.75
12/21/2001,107.53,123.023,278.15,156.35,116.98,28.43,26.48,27.56,21.43,25.9,21.2667,27.77,24.2,25.76
12/28/2001,111.86,122.954,276.55,157.65,117.25,29.04,27.37,28.02,21.69,27,21.5591,28.05,24.56,25.55
1/4/2002,118.49,123.014,278.95,158.15,116.33,29.07,27.62,28.45,22.4,26.46,21.7621,27.7,25.84,25.16
1/11/2002,110.67,125.518,287.55,156.84,116.64,28.26,27.55,27.83,21.25,25.55,21.3155,26.56,25.1,25.03
1/18/2002,102.27,125.557,283.55,156.9,117.64,28,26.97,27.65,20.07,24.9,21.4697,25.68,24.03,25.15
1/25/2002,109.56,124.197,279.45,156.5,119.85,28.5,27.05,27.22,21.59,26.05,21.6565,26.29,23.78,25.1
2/1/2002,111.7,125.177,286.25,157.04,119.69,29.24,26.7,27.08,21.82,25.89,20.8526,25.75,23.3,25.25
2/8/2002,111.83,126.048,303.75,156.15,118.98,28.4,27.25,26.42,21.78,25.19,20.5278,24.89,22.25,24.94
2/15/2002,119.15,126.237,297.85,158.43,118.55,29.2,27.35,26.77,22.5,25.78,20.5197,25.39,21.85,25.5
2/22/2002,115.48,126.648,292.75,159.41,118.48,29.19,27.6,26.47,22.8,26.48,19.9756,25.84,20.48,25.79
3/1/2002,122.77,125.625,298.15,161.09,119.4,29.98,28.51,27.55,23.42,27.01,21.0313,27.22,21.69,26.25
3/8/2002,131.32,122.867,289.75,166.12,117.99,30.35,29.24,28.2,23.54,28.22,22.03,28.49,23.29,25.91
3/15/2002,136.19,122.705,290.05,166.71,117.18,30.55,29.62,27.91,23.71,28.68,22.4117,28.07,22.16,26.43
3/22/2002,138.93,122.506,297.75,168.15,118.05,30.05,29.51,27.97,23.33,28.42,22.0057,27.23,21.75,26.16
3/29/2002,144.2,122.543,302.65,167.81,118.62,30.04,29.59,28.18,23.71,28.89,22.0463,27.24,21.67,26.1
4/5/2002,143.87,124.724,300.05,170.18,117.69,29.3,29.53,27.94,23.17,27.97,22.0625,26.93,20.7,25.38
4/12/2002,129.84,125.29,302.15,176.76,117.74,30.45,29.56,27.07,23.36,27.1,22.0706,26.82,19.8,25.65
4/19/2002,144.91,125.163,302.35,169.47,116.29,30.05,30.36,27.13,23.6,28.77,22.2493,26.47,20.55,25.83
4/26/2002,148.58,126.607,311.35,166.18,115.04,29.45,29.8,26.31,22.61,27.8,21.421,25.21,18.8,25.28
5/3/2002,145.89,126.818,311.95,171.16,113.59,29.23,29.65,26.4,23.26,28.33,21.7377,25.54,17.97,25.25
5/10/2002,150.07,126.674,311.05,165.28,113.92,28.62,29.07,25.55,23.49,27.53,21.2261,25.05,18,24.86
5/17/2002,148.8,125.686,311.05,167.22,113,30.25,30.27,25.96,24.11,27.76,22.1924,26.26,19.94,25.16
5/24/2002,141.84,127.06,320.55,168.29,112.8,29.32,29.71,26.96,24.09,27.98,21.7377,25.95,18.9,24.84
5/31/2002,138.72,128.038,326.55,170.3,111.81,29.05,29.82,26.25,23.71,27.36,21.421,25.47,18.26,24.85
6/7/2002,135.94,128.157,323.95,169.61,110.99,28.28,29.3,25.18,23.05,26.39,20.674,24.13,17.36,23.98
6/14/2002,143.26,130.52,319.35,169.98,110.76,28,27.81,25.01,22.63,25.81,20.2436,23.84,16.84,23.61
6/21/2002,141.51,131,324.65,172.18,108.19,27.62,27.27,24.6,22.67,25.72,20.2517,23.69,15.7,22.99
6/28/2002,147.21,130.587,314.45,172.76,106.11,27.47,27.68,24.25,23.19,26.2,20.4141,23.85,15.82,22.25
7/5/2002,146.88,130.382,311.55,167.98,107.74,27.66,26.83,23.38,22.94,26.2,20.2436,23.94,16.06,22.46
7/12/2002,150.33,132.862,316.05,158.7,105.89,25.44,24.9,21.12,21.54,23.57,18.9606,22.35,15.42,20.79
7/19/2002,152.58,133.439,323.95,151.21,104.06,22.68,22.67,18.83,19.6,21.4,17.4421,20.68,14.84,18.88
7/26/2002,145.46,135.407,303.75,153.38,106.61,23.13,24.83,18.75,20.31,21.3,17.2391,20.97,13.39,20.45
8/2/2002,147.1,136.785,307.35,157.67,106.67,22.41,25.92,19.98,19.57,21,17.7913,21.2,13.4,21.06
8/9/2002,145.6,137.229,314.55,156.44,108.18,23.25,27.21,21.02,20.84,22.55,18.9768,22.53,14.05,21.86
8/16/2002,156.25,136.109,313.95,159.91,106.65,24.85,27.24,21.12,20.28,23.3,19.1474,22.38,15,21.99
8/23/2002,156.91,137.354,307.05,160.1,107.97,25.34,27.86,22.15,20.53,23.22,19.2205,22.66,15.19,21.79
8/30/2002,158.83,138.22,312.75,163.1,106.98,24.92,27.14,21.5,20.45,22.91,19.0662,22.15,14.2,21.47
9/6/2002,162.28,139.481,320.25,161.87,106.84,24.78,26.5,20.72,19.78,22.35,18.4734,21.48,13.9,21.16
9/13/2002,164.36,140.628,316.85,161.34,108.06,25.05,26.64,20,19.79,22.36,18.1648,21.08,13.9,21.37
9/20/2002,163.54,141.949,322.15,158.78,107.53,24.33,25.62,18.59,18.93,21.27,16.8088,20.41,12.83,20.4
9/27/2002,167.38,142.729,319.95,155.19,107.53,23.52,25.5,18.42,17.97,21.58,16.7682,19.71,12.24,20
10/4/2002,162.34,142.909,322.25,149.23,107.6,22.38,25.27,17.46,17.55,21.36,15.6801,19,11.9,20
10/11/2002,161.3,142.236,316.75,145.7,107.25,22.78,26.31,16.48,18.09,21.28,16.7357,19.48,12.96,20.44
10/18/2002,162.23,139.647,312.85,147.25,108.52,24.26,27.91,16.34,18.95,22.63,18.2542,20.4,13.78,20.85
10/25/2002,148.25,140.254,313.85,148.28,107.92,25.13,27.34,17.65,19.02,21.75,18.514,20.76,14.53,20.83
11/1/2002,148.69,141.673,319.75,148.18,106.08,24.56,27.13,18.33,19.1,22.12,18.579,20.75,15.2,20.82
11/8/2002,139.84,142.702,321.55,149.63,104.5,24.13,27.77,17.92,19,21.85,18.0593,20.59,15.2,20.29
11/15/2002,135.43,141.11,320.55,150.7,105.04,25.05,27.78,18.15,19.3,21.88,18.6764,20.45,15.79,20.33
11/22/2002,146.66,139.805,321.05,152.37,106.12,25.07,27.8,19.02,19.83,22.02,19.1392,21.38,16.77,20.09
11/29/2002,147.37,139.649,318.15,153.17,106.38,25.32,27.69,18.77,20.95,22.44,19.0012,21.55,17.1,19.99
12/6/2002,147.55,141.077,326.25,152.68,105.36,24.5,27.47,18.19,20.17,22.9,18.5465,21.03,16.09,20.21
12/13/2002,155.92,141.719,333.15,151.8,103.98,23.52,26.98,19,19.76,22.87,18.1892,20.54,15.28,20.18
12/20/2002,166.06,143.108,340.75,151.1,103.47,23.48,26.68,19.25,19.99,22.94,18.3922,20.82,15.35,20.01
12/27/2002,179.33,144.713,349.25,151.68,102.41,22.75,26.19,19.14,19.7,22.18,17.7994,20.29,15.03,19.9
1/3/2003,181.3,142.741,351.25,154.65,102.47,23.43,27.55,19.8,20.25,22.76,18.4978,21.19,15.66,20.3
1/10/2003,171.26,141.673,354.75,151.43,101.23,24.22,27.51,20.28,20.57,22.09,19.0824,21.23,16.54,20.41
1/17/2003,180.64,143.26,356.55,147.26,100.55,23.75,27.1,19.71,20.19,22.22,18.7576,20.66,15.22,20.5
1/24/2003,182.4,144.414,368.25,145.37,99.22,22.63,26.32,18.98,19.36,21.32,17.7263,19.51,14.68,19.53
1/31/2003,183.66,144.092,368.15,147.55,99.91,22.34,26.46,18.7,18.85,21.77,17.637,19.48,14.45,19.26
2/7/2003,191.53,144.34,369.75,146.01,99.57,21.65,25.75,17.9,18.46,21.64,16.7763,19.15,14.04,18.92
2/14/2003,193.8,144.688,351.55,143.99,100.04,21.75,25.32,17.58,18.36,21.47,16.9387,19,14.43,19.05
2/21/2003,195,145.351,351.35,148.22,100.09,22.16,25.79,18,18.71,22.23,17.2554,19.5,14.75,18.95
2/28/2003,200.59,147.163,349.95,148.83,99.71,22.24,25.87,17.7,18.35,22.41,17.093,19.18,14.52,18.67
3/7/2003,205.49,148.213,350.75,147.38,98.04,21.63,26,17.95,17.7,22.6,16.8088,18.83,14,18.12
3/14/2003,182.83,147.088,336.35,146.33,99.99,22.05,25.45,17.91,18.12,21.8,16.7113,19.05,14.61,18.51
3/21/2003,147.48,143.789,326.05,155.31,102,24.28,27.34,18.74,19.66,22.38,17.9618,20.58,15.53,19.49
3/28/2003,165.3,145.976,331.85,151.74,99.96,23.21,27.03,18.49,18.68,22.68,17.2635,19.62,14.7,18.75
4/4/2003,156.86,145.728,325.55,153.1,100.4,23.89,27.53,18.7,18.88,22.39,17.8563,20.05,14.88,18.85
4/11/2003,148.58,145.76,328.05,153.13,100.18,23.82,26.78,18.64,18.61,22.11,17.8075,19.94,14.41,18.92
4/18/2003,156.42,145.908,325.95,157.4,99.28,24.73,26.67,19.14,19.32,22.3,18.5465,20.5,15.21,19.1
4/25/2003,143.92,146.744,333.25,157.74,98.36,24.72,27.21,19.72,19.43,22.24,18.5871,20.74,15.31,18.84
5/2/2003,140.69,146.676,340.95,158.99,96.75,25.4,28.1,19.88,20.16,22.59,19.2692,21.37,16.09,19.25
5/9/2003,150.64,149.205,348.55,163.19,94.98,25.67,28.16,20,20.27,23.03,19.1149,21.45,16.32,19.43
5/16/2003,157.57,150.914,354.75,164.42,94.08,25.93,28.65,21.02,20.33,23.59,19.5128,21.6,16.5,19.4
5/23/2003,159.82,151.944,368.75,167.29,93.05,25.61,27.74,21.9,20.22,24.12,19.1717,21.28,16.14,19.64
5/30/2003,162.01,152.234,364.45,165.07,93.29,26.74,28.17,22.01,20.66,24.48,19.9431,21.98,16.95,20.06
6/6/2003,170.32,152.207,363.75,170.36,93.48,27.38,29.19,22.1,21.23,24.77,20.6415,22.77,17.2,20.32
6/13/2003,160.75,154.649,356.65,168.06,92.22,27.46,29.32,22.32,21.12,24.94,20.5765,22.85,17,20.36
6/20/2003,161.57,151.984,357.38,166.32,93.91,27.38,30.2,22.52,21.09,24.45,20.341,22.92,17.52,20.29
6/27/2003,160.42,150.581,345.25,167.86,95.04,26.92,29.52,22.02,20.74,24.2,20.0081,22.35,17.12,20.13
7/4/2003,166.72,150.14,350.85,172.05,94.55,27.25,29.59,22,20.79,23.96,20.3248,22.48,17.46,20.34
7/11/2003,170.43,150.612,345.2,172.15,95.8,27.89,29.65,21.45,20.74,23.71,20.7633,22.63,18.01,20.3
7/18/2003,170.06,147.401,347.25,172.04,96.63,27.65,29.42,20.92,21,23.76,20.8364,22.6,17.55,20.26
7/25/2003,165.35,145.696,362.75,173.6,94.96,27.75,29.12,21,22.15,23.43,21.1287,23.22,17.75,20.23
8/1/2003,177.08,142.323,346.15,174.68,96.66,27.56,28.45,20.55,22.13,23.14,20.3979,22.95,17.51,19.93
8/8/2003,176.13,144.945,356.75,173.78,96.36,27.48,28.57,20.64,21.97,23.85,20.5603,22.74,16.99,20.18
8/15/2003,169.85,142.597,363.75,172.81,96.65,28.2,28.1,20.76,22.45,24.28,20.7876,23.55,17.37,20.42
8/22/2003,174.5,143.247,362.95,173.4,98.83,28.39,27.48,20.72,22.71,24.13,20.341,23.95,18.16,20.17
8/29/2003,173.02,143.713,375.55,176.02,98.1,29,27.82,21.05,22.98,24.68,20.5603,24.03,18.44,20.47
9/5/2003,158.28,145.357,377.35,179.45,97.09,29.19,28.13,21.48,22.96,24.7,20.7795,24.29,19.12,20.63
9/12/2003,155.65,146.695,375.25,178.26,96,28.4,28.98,21.66,23.06,24.49,20.6577,24.06,18.93,20.61
9/19/2003,148.36,147.499,381.85,179.39,94.78,28.89,28.79,21.75,22.9,24.25,21.2911,24.4,19.56,20.71
9/26/2003,154.34,149.206,380.85,178.05,93.85,27.73,27.81,21.71,21.83,23.93,20.5522,23.27,18.4,20.41
10/3/2003,166.61,147.471,369.55,185,93.1,28.81,28.37,22.19,22.63,24.7,21.3561,24.1,19.21,20.85
10/10/2003,175.3,147.395,373.05,186.62,91.52,29.36,28.06,21.98,22.82,24.9,21.6078,24.14,19.54,20.99
10/17/2003,168.26,145.925,371.65,185.72,92.29,29.41,27.95,21.86,23.05,24.63,21.8514,24.24,19.42,21.05
10/24/2003,165.3,148.185,388.55,180.54,91.43,29.09,27.95,21.9,22.87,24.32,21.6646,24.05,19.03,20.91
10/31/2003,159.54,147.331,384.25,183.42,92.73,30.09,28,22.05,23.91,24.28,22.0625,24.73,19.62,21.24
11/7/2003,168.76,145.84,383.05,187.64,93.02,30.41,27.6,21.81,23.99,24.21,22.0057,24.94,20.05,21.4
11/14/2003,174.18,148.635,397.55,189.77,91.37,29.86,29.03,21.83,23.8,24.57,21.7702,24.82,19.72,21.15
11/21/2003,173.24,149.442,396.05,185.68,90.6,29.5,28.34,21.44,23.46,23.97,21.5591,24.69,19.28,21.1
11/28/2003,166.67,147.425,398.15,190.54,90.23,30.36,28.6,22.1,24.45,24.47,21.9813,25.22,19.9,21.49
12/5/2003,168.32,149.073,406.35,191.22,89.14,29.92,28.98,22.33,25.3,25.53,22.0057,25.45,19.83,21.29
12/12/2003,180.59,149.12,408.85,193.76,88.6,30.38,29.33,22.45,25.85,26.27,22.2087,26.07,19.95,21.41
12/19/2003,180.97,150.206,409.35,194.64,88.15,30.86,29.52,22.74,26.05,27.12,22.3954,26.48,19.89,21.4
12/26/2003,180.09,148.911,412.25,196.22,87.63,31.08,29.7,23.14,26.48,27.36,22.5416,26.55,20.08,21.48
1/2/2004,178.23,148.157,415.85,195.51,86.92,31.22,30.22,23.27,26.56,27.54,22.8096,26.74,20.48,21.52
1/9/2004,187.43,151.615,426.38,195.6,85.11,31.52,30.32,23.29,26.55,27.97,23.0045,26.9,21.4,21.43
1/16/2004,186.34,152.161,406.75,195.73,87.73,31.74,30.46,23.33,26.06,27.78,23.4348,27.8,22.05,21.59
1/23/2004,191.49,151.77,408.08,198.44,86.56,32.05,30.78,23.79,25.41,28.76,23.6378,27.42,21.65,21.72
1/30/2004,181.14,151.048,402.45,203.87,87.2,31.31,30.98,23.81,25.51,28.17,23.5891,27.03,21.25,21.78
2/6/2004,177.2,151.844,403.35,207.14,86.02,31.58,31.76,23.55,25.91,27.96,23.9464,27.12,21.23,22.42
2/13/2004,186.89,152.954,410.15,205.36,85.55,31.73,31.54,23.77,26.42,29.09,24.1981,27.18,21.08,22.41
2/20/2004,187.77,152.502,397.55,205.29,87.24,31.74,31.32,23.64,26.53,28.99,24.1738,26.99,20.87,22.87
2/27/2004,198.18,153.745,396.15,207.38,87.31,31.99,31.31,24.26,26.84,29.65,24.2631,26.83,20.71,23.02
3/5/2004,203.31,155.587,401.25,214.68,88.17,32.49,31.63,24.62,26.92,30.09,24.7341,27.03,20.8,23.13
3/12/2004,194.95,156.418,395.25,211.26,89.12,31.35,30.25,24.01,25.68,29.26,24.0114,25.95,20.16,22.62
3/19/2004,206.18,156.108,412.35,214.7,88.13,31.14,29.58,24.1,25.52,29.28,23.7921,25.85,19.75,22.57
3/26/2004,195.82,155.672,422.35,213.11,88.89,31.26,29.43,23.98,25.7,28.4,23.5241,25.99,20,22.47
4/2/2004,188.48,152.618,420.65,216.1,88.51,32.18,30.5,24.27,26.76,29.13,24.0357,26.86,20.88,22.82
4/9/2004,202.35,152.198,420.05,198.88,88.97,32,30.4,24.08,26.34,29.54,23.9789,26.95,20.75,22.83
4/16/2004,202.73,150.899,400.55,191.31,89.94,31.89,31.48,23.51,26.53,30.54,23.4429,27.1,20.09,23.08
4/23/2004,199.82,149.637,395.05,186.47,91.08,32.26,31.35,23.55,26.35,30.1,23.2399,27.32,20.76,23.27
4/30/2004,204.87,149.433,386.75,183.53,90.48,31.39,30.86,23.28,24.92,29.84,22.8339,26.4,19.39,23.18
5/7/2004,218.6,146.735,378.75,178.9,91.13,30.34,31.06,22.74,24.01,29.76,22.298,26.22,19.6,22.94
5/14/2004,226.35,147.166,376.65,180.09,91.66,30.41,30.7,22.55,24.33,29.85,22.5335,26.17,19.45,22.72
5/21/2004,218.84,147.429,384.35,183.98,90.49,30.49,30.16,22.54,24.56,29.11,22.6553,26.22,19.57,22.67
5/28/2004,218.57,148.654,393.35,195.72,88.9,31.59,30.76,23.56,25.62,29.75,23.2237,27.05,20.15,23.05
6/4/2004,210.95,147.549,389.95,195.09,88.54,31.61,31.09,23.4,25.36,29.68,23.2562,27.25,19.94,23.23
6/11/2004,211.61,147.685,384.55,194.88,90.01,32.05,31.08,23.39,25.72,30.24,23.4267,27.73,20.39,23.45
6/18/2004,213.75,148.736,394.85,197.76,89.08,31.89,30.86,23.54,25.96,31.22,23.1587,28.02,20.13,23.23
6/25/2004,205.8,149.634,401.55,201.99,88.88,31.87,30.44,23.73,26.32,31.52,23.2237,28.47,20.51,22.93
7/2/2004,210.4,151.754,397.95,204.23,87.99,31.27,30.11,23.72,26.14,31.64,23.11,27.99,20.1,22.86
7/9/2004,219.4,151.901,407.65,202.21,87.42,30.73,29.68,23.59,26.12,31.93,22.7284,28.05,19.63,22.92
7/16/2004,226.35,152.992,406.65,204.84,87.14,30.31,29.31,24.08,26.34,32.65,22.5497,28.13,18.9,22.81
7/23/2004,228.6,152.194,390.15,198.2,89.26,30.13,28.92,23.56,25.44,31.84,22.3792,27.51,18.85,22.12
7/30/2004,240.05,152.213,391.05,199.86,89.96,30.43,28.92,24.12,26.17,32.45,22.7121,27.86,19.44,21.95
8/6/2004,240.4,155.006,399.75,201.5,88.36,29.18,27.88,24.35,25.09,30.93,22.2006,26.71,18.34,21.6
8/13/2004,252.27,155.136,398.95,199.9,87.9,29.03,28.25,24.47,25.13,31.13,22.3386,26.74,18.05,22.07
8/20/2004,256.06,155.095,412.75,210.2,88.12,30.49,29.19,24.71,26.45,31.42,23.2237,27.59,18.66,22.37
8/27/2004,236.65,155.248,403.25,212.7,89.77,30.63,29.6,24.8,26.76,31.57,23.4673,27.9,18.84,22.43
9/3/2004,241.09,154.855,401.05,217.26,89.63,30.92,29.79,25.16,27.03,32.84,23.6135,28.19,18.53,22.7
9/10/2004,234.73,156.296,402.75,215.66,88.39,31.15,29.72,25.26,26.79,33.12,23.8083,28.36,19.23,22.39
9/17/2004,249.86,156.911,405.65,215.27,88.84,31.42,29.85,25.16,26.49,33.92,23.7353,28.59,19.22,22.09
9/24/2004,267.89,157.68,407.83,212.28,88.4,31.2,29.17,24.86,26.41,34.62,23.11,27.98,18.97,21.53
10/1/2004,274.69,156.274,419.47,217.71,87.63,31.59,29.06,25.25,27.7,35.43,23.4998,28.78,19.6,21.88
10/8/2004,291.36,156.914,422.78,218.33,87.51,31.54,28.02,25.53,27.65,36.19,23.4267,28.37,19.54,21.61
10/15/2004,295.79,157.858,418.8,221.34,87.09,31.43,27.71,25.58,26.93,35.16,22.7852,28.14,19.45,21.51
10/22/2004,302.37,158.631,424.23,220.3,85.87,31.29,27.04,25.66,26.42,35.48,22.2493,27.78,19.42,21.38
10/29/2004,283.68,158.447,428.55,223.79,84.91,32.46,28.15,26.27,27.29,35.14,23.2318,28.67,19.96,21.8
11/5/2004,271.91,156.914,433.55,224.01,84.01,33.63,28.73,26.94,28.37,35.73,23.8896,29.82,20.67,22.75
11/12/2004,259.84,156.932,437.85,234.19,83.69,34.21,28.84,27.82,29.18,35.9,24.2225,30.56,21.06,22.97
11/19/2004,267.95,156.864,447.05,226.25,83.31,33.75,28.41,27.3,28.94,36.38,23.784,30.36,21.01,22.65
11/26/2004,270.96,156.579,451.95,232.53,81.78,34.42,28.61,28.11,29.71,37.66,24.0926,30.52,21.09,22.74
12/3/2004,233.15,156.827,455.9,239.31,80.98,34.28,29.26,27.06,29.39,35.99,24.3768,30.89,21.62,22.81
12/10/2004,225.97,158.125,434.2,241.54,82.67,34.4,29.49,27.07,28.99,35.55,24.393,30.85,21.28,22.91
12/17/2004,255.23,157.709,441.5,241.28,82.16,34.53,29.7,27.52,29.25,36.05,24.3686,30.92,20.96,22.83
12/24/2004,242.14,157.701,442.65,242.01,81.28,34.86,29.96,28.01,29.82,36.51,24.8315,31.25,21.16,23.04
12/31/2004,238.13,157.329,438.45,243.37,80.85,35.29,30.19,27.85,29.73,36.32,24.7909,31.07,21.11,23.08
1/7/2005,249.23,156.989,419.05,230.13,83.6,34.33,29.75,27.05,28.74,34.97,24.4174,30.17,20.45,23.1
1/14/2005,265.98,157.699,423.15,229.33,82.97,34.51,29.67,27.55,28.92,36.46,24.1494,30.09,20.22,23.19
1/21/2005,265.98,158.432,427.25,231.33,83.26,33.71,29.37,27.47,28.55,36.4,23.987,29.51,19.73,23.17
1/28/2005,258.58,158.438,427,223.67,83.48,33.42,29.2,28.12,28.47,37.1,23.9708,29.81,19.78,23.29
2/4/2005,254.74,159.086,414.7,230.63,84.39,34.15,29.83,29.1,29.52,39.05,24.6934,30.45,20.26,23.64
2/11/2005,261.98,159.075,420.9,233.5,84.57,34.09,29.95,29.09,29.78,40.42,24.8234,30.62,20.18,23.54
2/18/2005,268.61,157.585,427.42,232.78,83.49,34.01,30.33,29.01,30.58,42.05,24.19,30.5,19.88,23.47
2/25/2005,282.2,157.553,435.25,230.23,82.66,33.74,30.59,29.25,31.39,44.17,24.328,30.73,20.01,23.37
3/4/2005,294.75,157.234,434.3,235.17,82.52,34.25,30.65,29.71,31.98,44.92,24.5229,31.24,20.12,23.73
3/11/2005,302.09,155.264,444.95,226.69,81.42,33.74,30.2,29.25,31.41,42.8,24.1088,31.02,19.89,23.25
3/18/2005,313.71,155.838,439.35,227.06,82.05,33.42,29.58,29.16,30.83,43.78,23.5241,30.58,19.45,23.03
3/25/2005,300.56,155.039,424.88,221.59,84.15,32.92,29.8,28.72,30.25,42.03,22.8177,30.47,19.37,22.91
4/1/2005,313.88,156.677,426.25,222.33,84.43,32.9,29.6,29.25,30.07,43.93,22.7365,30.14,19.39,22.8
4/8/2005,295.14,156.493,427.1,222.93,84.4,32.94,30.46,29.45,29.99,42.72,22.9963,30.21,19.59,23.09
4/15/2005,285.32,158.881,424.9,223.63,84.56,31.47,30.8,29.01,27.52,39.73,22.5172,28.95,18.47,22.86
4/22/2005,303.57,159.101,434.6,226.97,83.5,31.34,30.49,29.72,28.08,42.04,22.5254,29.29,18.82,22.62
4/29/2005,272.5,159.727,434.4,233.52,84.43,31.05,30.9,30.05,28.01,40.55,23.0938,29.32,18.87,22.78
5/6/2005,281.17,159.234,426.2,234,84.62,31.81,31.17,29.82,28.76,41.1,23.3455,29.58,19.13,23.07
5/13/2005,275.57,160.69,420.4,233.47,86.1,31.41,31.08,29.17,27.01,38.8,22.9233,29.17,19.36,22.85
5/20/2005,266.63,160.891,417.65,244.43,86.63,32.87,31.47,29.87,27.89,39.65,23.7515,30.26,20.03,23.52
5/27/2005,284.17,161.811,420.45,239.06,86.42,33.09,31.39,30.04,28.03,42,23.8165,30.33,20.31,23.39
6/3/2005,301.6,162.688,422.45,242.91,88.04,33.04,31.26,30.48,28.1,42.63,23.7759,30.22,20.25,23.34
6/10/2005,298.43,162.198,427.05,248.18,88.69,33.13,31.12,30.72,28.13,43.65,23.8327,30.15,20.17,23.37
6/17/2005,324.34,161.731,437.65,254.39,87.65,33.69,31.66,30.87,28.8,45.84,24.0601,30.36,20.3,23.3
6/24/2005,327.96,163.622,439.95,249.72,88.78,32.84,31.1,31.12,27.34,44.94,23.8002,29.29,19.99,22.74
7/1/2005,321.99,162.168,427.4,253.01,90.13,32.86,30.99,31.85,27.12,45.44,23.9545,29.48,19.97,22.83
7/8/2005,327.92,161.3,423.1,259.32,90.25,33.48,31.26,31.99,27.69,46.24,24.2631,29.82,20.45,23
7/15/2005,324.07,160.858,421.55,257.73,89.72,34.11,31.51,32.02,27.9,45.37,24.661,30.03,21.03,23.36
7/22/2005,321.44,160.553,425,260.57,89.64,34.57,31.4,31.8,28.77,47.39,24.4823,30.5,20.96,23.28
7/29/2005,331.96,160.025,429.8,267.03,89.35,34.64,31.73,32.27,28.64,47.6,24.3037,30.5,21.05,23.48
8/5/2005,342.56,158.869,437.3,254.17,88.06,34.11,31.55,31.91,28.59,48.39,24.0682,30.02,21.16,23.14
8/12/2005,369.23,160.509,446.2,251.24,86.98,34.45,31.75,31.74,28.89,50.17,24.125,30.27,20.79,23.08
8/19/2005,360.57,161.205,436.3,248.75,88.6,33.87,31.4,31.64,28.1,48.18,24.1575,30.05,20.76,23.18
8/26/2005,362.44,161.314,437.7,248.91,87.86,33.45,31.03,32.15,27.27,47.99,23.6622,29.62,20.6,22.95
9/2/2005,370.33,163.6,444.4,255.06,86.3,33.05,31.61,33,27.5,50.95,23.9464,29.76,20.74,23.08
9/9/2005,353,162.799,449.2,259.49,86.89,33.82,32.41,33.43,28,52.8,24.255,30.23,21.05,23.36
9/16/2005,347.14,161.495,459.75,256.41,88.06,33.14,32,33.59,27.83,52.28,24.3199,30.11,20.98,23.08
9/23/2005,351.8,161.696,463.25,248.16,89.29,32.29,31.47,32.68,27.08,52.56,23.8327,29.75,20.57,22.73
9/30/2005,363.04,160.709,469.3,252.88,89.52,32.49,31.35,33.6,27.5,53.67,23.9708,30.16,20.9,23.28
10/7/2005,338.68,160.544,474.85,241.81,89.17,31.7,30.75,32.27,26.59,49.53,23.6622,29.8,20.21,22.84
10/14/2005,339.75,159.466,469.7,238.12,89.46,31.39,30.81,30.86,26.32,48.34,23.6053,29.63,20.01,22.75
10/21/2005,332.29,160.521,466.9,238.71,90.31,31.28,30.23,30.35,26.52,46.02,23.8408,29.29,20.17,22.87
10/28/2005,335.53,158.968,473.5,243.81,89.59,31.31,30.25,31.05,27.48,48.27,24.6122,29.65,20.21,23.08
11/4/2005,332.02,158.034,456.9,240.72,91.26,32.54,30.65,30.89,27.85,49.5,24.8721,30.09,20.89,23.18
11/11/2005,320.51,159.095,468.7,250.67,91.98,33.01,31.08,30.64,28.61,47.47,25.6679,30.53,21.15,23.5
11/18/2005,313.55,159.79,485.8,252.69,91.93,33.17,31.26,31.17,29.3,49.04,25.741,31.3,21.55,23.4
11/25/2005,321.77,160.694,496.08,259.58,92.04,33.68,31.26,31.75,29.7,51,26.35,31.61,21.86,23.7
12/2/2005,325.11,159.758,503.38,258.36,91.93,33.59,31.18,31.57,30.12,51.17,26.0739,31.69,22.02,23.53
12/9/2005,328.75,159.881,526.4,256.7,91.25,33.37,31.2,32,30.21,51.82,25.9034,31.45,21.82,23.36
12/16/2005,323.63,161.063,503.25,257.24,89.71,33.41,31.7,32.31,29.8,51.07,25.9683,31.67,21.57,23.8
12/23/2005,320.23,161.97,502.8,258,90.78,33.08,32.29,31.84,30.52,51.25,26.1388,31.84,21.39,23.67
12/30/2005,334.54,161.816,517,253.37,91.17,32.65,31.72,31.39,30.28,50.31,25.7166,31.42,20.9,23.29
1/6/2006,351.91,162.219,539.95,265.27,88.91,33.33,32.56,32.18,31.39,53.46,26.3662,31.78,22,23.5
1/13/2006,353.94,162.604,557.35,264.53,88.89,33.56,32.46,32.2,30.58,54.46,26.4068,31.62,22.13,23.48
1/20/2006,375.31,162.46,554.5,263.51,88.97,32.95,31.97,32.71,30.11,56.41,25.4324,30.96,21.27,23.17
1/27/2006,371.37,161.228,559.5,271.01,89.32,33.43,32.29,32.39,31.6,56.65,26.1226,31.62,21.71,23.53
2/3/2006,358.27,160.855,568.9,267.68,89.89,33.14,32.01,31.66,31.08,55.22,25.6435,31.44,21.28,23.23
2/10/2006,343.4,160.273,551,266.15,90.55,33.27,32.04,31.78,30.9,52.54,25.9196,31.86,21.64,23.21
2/17/2006,335.91,160.829,552.1,274.36,90.64,33.62,32.69,32.3,31.65,53.01,26.3337,32.54,21.93,23.63
2/24/2006,344.79,160.527,559.05,276.21,90.61,33.45,32.68,32.53,31.72,53.63,26.7073,32.66,21.7,23.68
3/3/2006,348.95,159.829,565.4,274.6,89.66,33.48,32.36,32.3,31.74,54.13,26.4068,32.74,22,23.55
3/10/2006,336.86,159.526,541.05,281.94,90.85,33.36,32.43,31.71,31.31,51.39,26.5042,32.85,21.72,24.15
3/17/2006,351.86,160.788,554.1,293.59,88.92,34.02,32.72,32.15,32.19,53.65,26.8778,33.79,22.11,23.96
3/24/2006,352.19,160.837,560.13,286.65,90.07,33.79,32.68,31.49,32.05,53.86,26.6991,33.68,22.09,23.98
3/31/2006,365.18,159.341,583.65,289.17,89.73,33.66,31.98,30.83,32.35,54.4,26.4312,33.8,22.14,23.6
4/7/2006,370.71,158.639,588.85,278.75,89.69,33.87,31.28,30.67,32.81,55.35,26.4555,33.95,22.26,23.41
4/14/2006,388.14,158.128,603,271.14,89.59,33.6,31.02,30.24,32.95,55.81,26.3743,33.86,22.1,23.26
4/21/2006,411.98,158.736,633.98,281.33,88.05,33.67,31.16,31.25,34.4,59.74,26.894,34.89,22.06,23.42
4/28/2006,393.95,158.692,654.43,280.07,86.11,34.09,30.99,31.32,33.5,57.14,27.5761,34.53,21.85,23.83
5/5/2006,386.56,158.367,683.8,281.38,85.14,34.61,30.78,32.18,34.64,58.86,27.7385,35.68,21.92,24.06
5/12/2006,401.62,157.666,714.8,272.88,83.91,34.09,30.39,31.26,33.79,56.74,26.959,34.93,20.98,23.67
5/19/2006,379.75,159.131,657.6,267.88,84.88,33.68,30.28,31.09,32.25,54.02,26.4718,34.04,20.6,23.62
5/26/2006,391.15,159.325,653.7,272.88,85.16,33.67,30.55,31.63,32.56,55.1,26.7479,34.14,20.76,24.09
6/2/2006,396.42,160.087,638.2,278.6,84.04,33.97,30.89,32.54,32.81,56.53,26.9996,34.34,20.71,23.96
6/9/2006,394.82,160.188,607.45,278.17,85.72,33.14,30.43,32.47,30.58,52.8,26.5448,32.84,19.94,23.78
6/16/2006,384.74,158.869,581.15,274.7,85.94,33.15,30.31,32.11,30.59,53.1,25.8384,33.26,20.19,23.75
6/23/2006,388.41,157.929,583.05,271.26,86.88,32.88,29.98,31.66,30.94,53.38,25.676,33.24,20.03,23.8
6/30/2006,405.18,159.194,615.85,282.38,85.16,33.39,30.24,32.29,32.1,56.75,26.2606,33.81,20.33,24.19
7/7/2006,406.06,159.348,629.25,285.13,85.01,32.9,30.41,32.51,31.81,56.69,26.2688,33.27,19.98,24.36
7/14/2006,431.38,160.287,664.15,280.78,86.1,31.39,29.97,32.66,30.78,57.82,25.676,32,19.1,24
7/21/2006,407.92,160.727,619.75,281.11,85.93,31.34,30.97,33.46,30.05,54.48,26.2119,31.7,19,24.44
7/28/2006,401.4,161.55,634.75,291.75,85.38,32.26,32,33.99,30.77,57.77,26.9021,32.02,19.83,24.69
8/4/2006,409.73,162.542,646.5,295.61,84.58,32.45,31.82,34.07,31.18,57.84,26.9996,32.06,19.76,24.74
8/11/2006,416.47,161.961,632.55,282.95,85.49,32.03,31.56,33.87,30.76,58.15,26.4799,31.23,19.71,24.84
8/18/2006,395.15,163.337,614.9,290.08,85.09,33.09,32.31,34.34,31.68,57.48,27.2351,32.53,20.83,25.19
8/25/2006,397.4,163.759,622.53,291.68,85.38,32.24,32.52,34.31,31.57,58.22,26.9833,31.94,20.74,25.24
9/1/2006,379.21,164.492,625.45,295.92,84.92,33.19,32.97,34.8,32.19,56.5,27.2188,32.48,21.28,25.66
9/8/2006,364.33,164.291,610.8,297.47,85.95,33.29,32.72,34.35,31.75,53.95,27.1701,32.19,21.09,25.54
9/15/2006,350.87,164.087,579.34,305.02,85.98,34.46,33.14,33.72,31.17,51.85,27.7304,32.73,21.7,25.58
9/22/2006,331.85,166.353,589.6,302.42,85.16,34.38,32.89,33.55,31.11,51.33,27.7872,32.39,21.6,25.48
9/29/2006,344.79,166.101,598.3,302.73,86.03,34.95,33.19,33.99,31.64,53.45,28.112,33.34,22,25.38
10/6/2006,329.07,165.559,574.1,308.01,86.5,35.87,33.26,34.22,31.98,52.69,28.5505,34.25,22.3,25.27
10/13/2006,330.48,164.584,590.4,314.64,87.12,36.63,33.13,34.55,32.75,53.98,28.8185,34.56,22.81,25.3
10/20/2006,325.17,164.959,591.5,315.4,86.27,36.43,33.86,35.61,32.68,54.7,28.5262,34.28,22.76,25.54
10/27/2006,332.95,166.252,599.95,318.94,85.56,37.06,33.63,35.77,33.39,56.17,28.8104,34.25,22.76,25.96
11/3/2006,324.13,165.98,627.4,308.98,85.71,36.6,33.07,35.58,33.28,56.6,28.5099,33.92,22.63,25.47
11/10/2006,335.14,167.397,628.56,311.79,85.07,37.33,32.49,35.91,33.7,57.45,29.0702,34.5,23.09,25.55
11/17/2006,323.19,167.39,621.7,317.03,85.31,38.11,33.22,36.04,33.83,57.1,29.2326,35.4,23.64,25.89
11/24/2006,324.67,168.06,638.2,334.79,83.66,37.95,33.02,36.2,35.08,57.54,29.257,35.47,23.76,25.73
12/1/2006,347.64,169.651,645.6,334.41,82.48,37.63,33.23,36.72,34.72,60.72,28.8023,34.92,23.32,25.53
12/8/2006,342.29,168.456,625.15,332.93,83.29,38.22,33.24,36.77,35.55,60.27,29.4032,35.31,23.39,26.07
12/15/2006,351.25,168.179,615.35,329.1,84.04,38.45,33.41,36.94,35.37,61.01,29.7198,35.2,23.56,26.06
12/22/2006,342.05,168.07,621.01,322.64,83.81,38.23,33.44,36.57,34.49,58.59,29.663,35.01,23.04,26.07
12/29/2006,334.59,167.161,636.7,328.72,83.65,38.36,33.49,36.72,34.81,58.63,29.8335,35.01,23.26,26.12
1/5/2007,308.62,167.954,607.4,323.5,84.64,38.25,33.69,36.11,34.22,55.92,29.6305,34.96,23.5,26.14
1/12/2007,295.24,166.923,627.2,336.77,85.02,39.26,34.28,35.87,35.23,55.44,30.0446,35.58,24.02,26.51
1/19/2007,292.67,166.988,635.4,343.9,84.86,39.61,34.67,36.05,35.77,56.58,30.0122,35.62,23.38,26.61
1/26/2007,303.74,166.199,646,350.76,85.23,38.83,34.23,36.25,36.08,56.85,29.8985,35.21,23.35,26.49
2/2/2007,323.47,166.802,647.85,358.57,84.96,39.71,34.73,37.1,36.63,58.63,30.3613,36.19,23.75,26.8
2/9/2007,330.67,167.381,666.85,362.23,84.88,39.46,34.54,38.04,36.6,58.39,30.1827,35.85,23.54,26.52
2/16/2007,328.07,168.499,669.05,360.87,84.06,39.9,34.73,38.24,37.71,58,30.6618,36.66,23.9,26.91
2/23/2007,335.09,168.812,682.55,354.52,84.05,39.85,34.39,38.67,38.4,58.65,30.2882,36.6,23.98,26.82
3/2/2007,337.83,170.744,642.45,334.91,83.74,37.78,33.26,38.05,36.45,56.05,28.8266,34.84,22.64,25.89
3/9/2007,334.77,170.102,650.28,337.37,84.25,38.26,33.63,38.2,37.31,57.4,29.1271,35.45,23,26.22
3/16/2007,326.54,170.905,653.4,331.88,83.19,37.32,33.2,38.4,37.1,56.39,28.4368,35.25,22.95,25.93
3/23/2007,341.33,170.456,657.4,341.15,83.28,38.66,33.92,39.85,38.22,60.22,29.395,36.36,23.57,26.79
3/30/2007,361.01,170.227,663.8,334.14,82.93,38.03,33.65,39.7,38.05,60.28,28.9322,35.55,23.32,26.65
4/6/2007,352.3,170.097,675,337.85,82.992,38.85,34.62,40.7,38.46,61.75,29.0377,35.83,23.86,27.09
4/13/2007,363.53,169.272,685.52,335.16,82.129,38.9,35.43,40.72,38.88,63.05,28.989,36.06,23.89,27.09
4/20/2007,351.36,170.519,691.95,339.49,81.643,39.57,36.16,41.57,39.08,63.1,30.1421,36.82,24.23,27.6
4/27/2007,364.24,170.434,681.55,340.27,81.529,39.43,36.23,41.81,39.34,64.13,30.2882,37.64,24.61,27.5
5/4/2007,339.42,171.187,688.85,332.93,81.741,39.5,36.7,42.09,39.4,64.65,30.6293,37.98,25.01,27.4
5/11/2007,351.42,170.951,670.85,335.26,82.116,39.3,36.25,42.2,39.81,65.21,30.6537,38.19,25.19,27.2
5/18/2007,361.61,169.649,661.75,315.54,82.197,39.72,36.59,42.83,40.28,67.83,30.7105,38.25,25.31,27.69
5/25/2007,357.34,169.187,656,316,82.331,39.67,36.62,41.1,40.32,67.7,30.5237,38.5,25.19,27.5
6/1/2007,356.68,168.204,671.75,334.03,82.322,40.33,36.77,41.61,41.47,68.92,30.8729,39.28,25.65,27.9
6/8/2007,356.44,166.821,648.85,322.17,82.691,39.42,35.85,39.28,40.4,67.92,30.2233,38.65,25.34,27.46
6/15/2007,375.64,166.451,655.35,318.88,82.851,39.83,36.07,40.44,41.1,70.98,30.4101,39.42,25.78,27.49
6/22/2007,378.93,167.147,654.3,305.65,82.336,39.39,34.97,38.71,40.89,69.75,29.663,39.15,25.53,27.05
6/29/2007,387.37,168.468,649.65,302.56,81.92,39.33,35.31,39.58,40.5,68.99,29.3788,39.04,25.6,27.05
7/6/2007,399.05,166.88,655.9,314.12,81.465,40.17,35.64,39.86,41.6,71.54,29.7848,39.8,26.15,27.4
7/13/2007,406.28,167.909,666.9,311.53,80.576,40.05,35.92,40.75,42.9,73.95,29.7848,40.72,26.65,27.7
7/20/2007,415.38,169.791,683.4,301.64,80.288,39.46,35.23,40.7,42.8,74,28.786,40.9,26.8,27.4
7/27/2007,422.12,171.802,661.2,275.49,80.946,37.04,33.58,37.55,38.92,68.5,27.0808,39.11,25.64,26.44
8/3/2007,413.68,172.741,673,272.9,80.177,36.37,33.68,37.95,38.42,66.12,26.0333,39.15,25.35,26.65
8/10/2007,390.74,172.277,672.8,281.35,80.679,36.36,33.9,39.01,38.68,67.72,27.0808,38.53,25.24,27.1
8/17/2007,393.62,174.215,657.8,280.58,81.426,35.55,33.73,38.63,36.9,67.5,28.0146,38,24.83,26.65
8/24/2007,389.62,174.438,668.2,287.09,80.667,37.05,34.58,39.61,39.4,69.25,28.0471,39.2,25.76,27.12
8/31/2007,405.79,175.822,673.3,288.36,80.791,37.23,34.4,38.6,39.15,69.83,27.4056,39.42,26.04,26.9
9/7/2007,420.37,178.397,700.8,280.62,79.959,35.9,34.37,39.01,38.62,70.26,26.8047,38.71,25.75,26.75
9/14/2007,427.98,177.377,707.6,288.38,79.617,36.87,34.79,39.7,39.5,72.5,27.5924,39.54,25.87,27.38
9/21/2007,447.33,175.998,731.5,297.25,78.597,37.1,35.45,40.32,41.57,75.7,28.0958,40.63,26.72,27.66
9/28/2007,447.55,176.765,743.6,299.35,77.719,36.83,35.35,39.8,42.11,74.8,27.8684,41.08,26.97,27.98
10/5/2007,444.48,176.063,742.7,316.91,78.308,38.15,36.25,40.9,42.95,75.11,29.1433,41.58,27.4,28
10/12/2007,453.47,175.716,749.85,308.98,78.224,37.82,36.25,41.29,43.35,77.17,28.8591,41.32,27.71,28.23
10/19/2007,476.54,179.25,765.2,287.49,77.407,35.98,35.2,39.74,41.72,74.4,26.4718,39.9,27.15,27.73
10/26/2007,503.45,179.517,785.2,295.67,77.027,36.55,35.68,41.54,43.28,76.95,27.365,40.3,27.94,28.34
11/2/2007,525.76,180.796,807,282.94,76.337,35.7,35.41,41.92,42.72,75.85,25.8546,40.22,28.15,28.03
11/9/2007,524.54,181.968,832,273.82,75.4,33.91,34.91,41.93,41.53,74.45,24.4742,38.92,25.97,27.88
11/16/2007,514.3,182.855,786.3,273.17,75.827,34.01,35.54,41.68,40.17,72.66,24.7747,38.81,26.32,28.57
11/23/2007,538.09,184.603,823.8,265.51,75.053,33.55,35.18,41.92,39.52,74.05,23.7677,38.17,25.78,28.54
11/30/2007,486.19,185.509,783.55,272.88,76.147,34.65,36.47,42.73,41.65,73.47,25.1725,39.4,26.26,29.19
12/7/2007,483.69,184.571,794.8,279.94,76.288,34.9,36.75,44.18,43.02,76.18,25.3349,40.3,26.9,29.46
12/14/2007,501.75,183.68,794.87,258.77,77.436,33.25,35.7,43.18,41.96,76.45,23.8327,39.46,26.76,29.02
12/21/2007,511.4,184.583,811.8,261.93,77.721,32.94,35.87,43,42.11,79.3,23.784,39.55,27.02,29.34
12/28/2007,526.14,185.471,840.5,255.09,76.218,32.82,35.44,42.92,41.95,80.37,23.4998,39.34,26.86,29.03
1/4/2008,536.61,189.006,859.6,237.88,75.793,30.84,34.79,42.35,40.78,77.5,22.233,37.75,25.14,28.12
1/11/2008,505.68,189.871,895.4,238.25,75.978,30.26,36.47,43.43,39.98,75.6,22.3305,36.44,24.28,28.27
1/18/2008,492.82,192.018,883.1,228.29,76.383,29.52,34.67,40.03,37.35,68.9,20.7064,34.68,23.1,27.15
1/25/2008,497.15,192.74,913.9,248.29,75.973,30.86,32.99,38.18,38.44,68.7,22.0706,35.8,22.84,26.7
2/1/2008,487.56,192.828,905.3,265.43,75.445,32.87,33.86,40.24,40.92,71.35,24.1007,37.85,23.65,27.47
2/8/2008,502.96,192.965,922.95,246.12,76.67,31.57,33.11,39,39.83,69.85,22.0219,36.17,22.3,26.8
2/15/2008,523.13,191.993,902.5,246.49,76.101,32.23,33.33,39.85,40.25,72.85,21.7864,36.77,22.72,27.35
2/22/2008,541.54,192.18,945.2,248.26,75.52,32.22,33.37,39.42,41.32,74.9,22.0869,37.15,22.49,27.6
2/29/2008,558.15,195.849,973.9,244.57,73.714,31.32,32.8,37.61,40.87,76.05,20.9744,36.25,22.15,27.13
3/7/2008,575.34,196.263,973.2,235.45,73.027,30.16,31.74,37.7,39.59,73.76,19.7483,35.61,22.02,27.07
3/14/2008,595.97,199.013,1002.9,239.9,71.657,30.0401,30.68,37.9,40.77,74.76,19.4884,36.08,21.95,26.96
3/21/2008,558.15,200.282,919.5,258.79,72.709,31.25,31.09,37.45,38.3,70.81,21.3723,36.63,22.39,27.6201
3/28/2008,578.87,198.455,931.4,252,71.678,30.53,31.33,37.63,40.22,73.4,20.0162,36.84,22.43,27.88
4/4/2008,582.21,197.853,913.8,267.73,72.021,32.05,31.6,39.17,42.91,77.31,21.4048,38.4,23.24,28.37
4/11/2008,601.28,197.726,925.3,256.94,71.808,30.91,31.53,39.27,42.18,77.5,20.406,36.43,22.59,27.79
4/18/2008,636.63,194.322,916.9,270.11,72.012,32.07,31.63,40.68,44.24,83.59,21.4941,38.32,23.82,27.96
4/25/2008,649.57,192.564,886.3,277.16,72.79,32.36,31.81,40.34,43.9,82.88,21.8839,38.37,24,27.93
5/2/2008,637.51,192.458,856.45,275.14,73.5,33.19,32.05,41.02,42.44,81.47,22.501,38.9,24.79,28.112
5/9/2008,690.47,194.347,884.85,265.88,73.05,32.2,31.47,40.04,43.45,84.77,21.1043,38.24,24.5,27.84
5/16/2008,690.78,192.999,902.4,276.44,72.844,33.44,31.7,40.78,45.91,88.95,21.4291,39.28,25.37,28.49
5/23/2008,724.49,193.565,925.1,263.25,71.888,31.7,31.35,40.91,43.87,86.26,20.0162,37.79,24.48,28.08
5/30/2008,697.96,191.022,886.5,269.75,72.879,32.31,32.08,41.31,44.51,86,20.1056,38.84,25.35,28.49
6/6/2008,759.47,193.8,902.25,262.53,72.39,31.26,31.42,40.54,44.17,86.02,18.9444,37.01,24.72,27.95
6/13/2008,742.46,189.034,871.55,259.69,74.146,31.72,30.86,41.29,44.54,86.6,18.985,37.02,24.46,28.12
6/20/2008,741.86,191.365,902.3,250.19,73.03,29.98,30,40.67,43.42,85.75,18.0105,35.9,23.75,27.08
6/27/2008,768.44,193.724,927.8,237.31,72.36,28.61,30.25,39.73,41.9,87.25,16.7032,33.7,22.94,26.56
7/4/2008,796.28,194.69,933.3,231.48,72.731,28.05,30.5,40.38,39.45,84.9,16.1916,33.41,22.35,26.67
7/11/2008,797.68,194.878,964.2,228.77,72.096,26.79,30.82,40.46,39.42,81.8,15.1685,33.09,22.22,26.93
7/18/2008,709.58,193.559,955,238.47,72.189,28.71,31.7,38.53,39.6,76.9,16.7844,34.3,22.8,26.83
7/25/2008,675.54,193.325,929.85,239.93,72.86,28.43,31.87,37.61,39.02,73.81,16.9468,34.47,22.36,27.11
8/1/2008,685.63,196.103,910.95,242.15,73.424,28.25,31.71,36.99,39.65,74.39,17.5639,34.25,22.1,27.35
8/8/2008,631.81,196.647,856.6,251.34,75.845,30.38,33.32,37.17,38.47,70.98,17.8157,35.71,23.35,28.41
8/15/2008,624.47,198.049,787.7,249.22,77.18,31.22,33.61,36.95,39.35,70.8,17.3447,35.65,23.73,28.98
8/22/2008,628.03,197.988,823.03,243.83,76.805,30.69,33.31,37.85,39.75,74.62,16.8412,35.29,23.3,28.68
8/29/2008,632.8,199.12,831.15,245.95,77.381,30.5,32.61,37.66,39.75,74.65,17.3934,35.22,22.75,28.14
9/5/2008,582.21,201.126,803.5,245.16,78.932,30.28,31.85,35.39,37.22,68.42,17.6533,33.76,21.52,28.32
9/12/2008,554.92,200.087,765.5,251.91,78.966,31.2,32.4,36.48,38.08,68.93,17.1742,34.11,21.75,29.15
9/19/2008,563.14,199.545,873.55,261.77,77.68,30.2,31.55,35,38.28,71.25,18.1729,33.11,20.85,27.7
9/26/2008,585.83,198.165,878.75,247.57,76.953,29.25,30.84,34.53,35.24,67.7,17.3691,31.57,20.8,27.7
10/3/2008,514.52,200.263,835.58,209.78,80.313,25.95,29.65,32.12,30.19,58.01,15.2497,27.82,18.63,27.23
10/10/2008,427.12,196.056,850.1,191.97,82.997,22.13,24.14,25.76,25.68,43.4,12.2615,23.54,15.9,23.6
10/17/2008,395.32,193.268,783.35,168.5,82.413,22.24,26.1,27.41,25.75,45.94,12.4645,23.56,16.54,24.31
10/24/2008,351.58,198.835,734.7,138.93,86.44,19.42,25.7,27.47,22.9,43.65,11.0028,22.09,15.06,22.8
10/31/2008,371.64,195.34,723.85,165.47,85.633,22.98,26.6,28.91,25.92,51.4,12.6106,25.18,16.65,24.12
11/7/2008,335.45,198.794,736.65,153.19,85.907,21.12,26.43,29.06,24.87,49.85,11.5469,23.83,15.84,24.26
11/14/2008,315.68,202.023,742.1,125.98,86.365,19.18,25.54,28.8,22.72,47.77,10.337,22.4,14.81,23.48
11/21/2008,273.65,208.188,800.45,103.56,88.191,17.45,23.59,28.83,20.1,44.42,7.8603,20.59,13.89,22.99
11/28/2008,298.31,212.477,818.05,126.9,86.517,20.49,24.92,30.12,23.15,50.28,10.2801,23.11,15.25,24.07
12/5/2008,225.99,216.132,756.45,130.54,87.121,21.09,25.19,28.47,21.93,44.16,10.4019,22.662,15.03,23.7
12/12/2008,269.21,218.411,822.4,132.9,83.644,20.94,25.12,28.9,23.1,48.28,9.8498,22.27,15.35,23.14
12/19/2008,232.16,223.05,838.25,143.19,81.298,21.23,26.09,28.58,22.78,46,9.931,22.58,15.27,23.23
12/26/2008,206.68,223.326,869.3,140.98,80.892,20.82,25.85,28.08,22.16,45.16,9.5656,22.47,14.93,23.32
1/2/2009,253.97,218.333,875.4,141.05,81.839,22.65,27.09,29.71,23.57,50.15,10.2801,24.28,15.99,24.21
1/9/2009,235.26,220.534,854.2,133,82.663,21.47,26.15,29.08,23.34,48.64,9.3869,23.23,15.55,23
1/16/2009,233.31,222.268,843.15,130.96,84.212,20.61,26.06,28.9,22.54,46.54,7.8603,21.82,14.94,22.95
1/23/2009,254.69,217.663,899.78,125.12,85.608,19.68,26.08,28.77,22.01,47.06,7.3,20.63,14.89,22.55
1/30/2009,228.43,215.501,927.85,121.12,85.999,19.28,26.23,28.98,21.06,46.92,7.503,20.61,14.68,22.15
2/6/2009,226.71,214.027,911.5,125.89,85.346,20.13,27.41,29.89,22.65,49.47,7.9497,21.14,15.97,22.52
2/13/2009,230.02,215.578,941.7,109.56,86.041,18.99,26.65,28.37,21.59,46.99,7.1864,20.34,15.39,21.56
2/20/2009,219.39,216.662,992.9,105.15,86.488,17.84,25.86,26.24,20.48,42.38,6.0414,18.62,14.54,21.3
2/27/2009,245.31,213.791,942.32,96.52,88.008,17.53,22.98,25.35,19.37,41.134,6.1713,17.1,14.12,20.36
3/6/2009,251.89,217.116,939.37,85.52,88.512,16.32,22.29,23.18,18.4,38.79,5.0183,15.5,13.65,19.71
3/13/2009,257.76,217.294,929.73,102.64,87.428,18.22,24.13,23.62,20.35,41.5,6.6504,17.25,14.7,20.56
3/20/2009,285.38,221.924,952.23,92.64,83.841,18.55,23.55,25.35,21.15,43,6.6098,17.39,15.04,20.57
3/27/2009,287.08,219.708,923.15,98.69,85.111,20.1,24.26,25.8,22.9,44.47,7.4218,19.28,15.82,21.61
4/3/2009,287.79,217.295,893.15,114.49,84.165,21.39,23.9,26.15,23.81,46.02,7.8684,19.87,16.71,21.82
4/10/2009,294.37,217.942,881.65,120.06,85.786,21.91,24.13,26.07,23.84,45.6,8.6317,20.48,16.73,21.67
4/17/2009,287.57,217.868,868.85,125.84,85.981,22.52,24.74,25.78,24.45,45.78,9.0215,21.11,16.96,22.09
4/24/2009,282.53,216.566,912.83,130.73,84.714,22.79,23.76,25.36,25.1,46.07,8.8835,21.66,17.1,21.5
5/1/2009,291.57,215.485,886.55,123.99,84.546,23.18,24.14,26.53,25.73,47.26,8.648,22,17.48,22.09
5/8/2009,323.76,214.463,916.65,136.03,82.529,23.99,25.59,27.25,26.8,51.84,10.5725,23.51,17.09,22.76
5/15/2009,312.4,216.531,931.78,119.37,83.024,22.13,25.33,25.94,25.83,48,9.3626,21.8,16.8,22.37
5/22/2009,337.99,212.362,957.35,122.43,79.958,22.58,25.29,25.83,26.3,48.61,9.4681,21.69,16.94,22.93
5/29/2009,363.42,211.337,979.18,130.84,79.348,23.12,25.83,26.77,27.17,51.68,9.931,22.49,17.65,23.12
6/5/2009,376.09,204.852,955.33,136.28,80.67,24.01,25.79,27.12,27.54,52.11,10.0041,23.73,18.34,23.62
6/12/2009,398.72,206.553,939.3,134.3,80.142,23.86,25.63,28.18,28.02,53.51,10.1421,23.59,18.38,23.52
6/19/2009,383.76,206.616,934.03,126.47,80.264,23.13,26.08,27.47,26.07,49.21,9.7767,22.2,18.12,22.89
6/26/2009,379.04,210.293,939.6,125.75,79.878,22.96,26.37,27.74,25.82,47.89,9.6792,21.97,18.16,23.03
7/3/2009,365.72,211.09,932.5,120.75,80.382,22.29,25.75,27.44,25.15,46.16,9.3138,21.36,17.83,22.89
7/10/2009,331.49,214.458,913.05,116.42,80.233,22.1,25.64,26.91,24.31,44.67,9.0134,20.72,17.53,22.89
7/17/2009,353.94,210.288,937.5,125.09,79.347,23.77,26.53,28.02,26.61,48.45,9.8579,22.38,19,23.93
7/24/2009,372.96,210.268,951.35,135.09,78.749,24.99,27.9,29.56,28.75,51.19,10.0853,23.41,19.652,24.53
7/31/2009,380.63,211.913,954,139.86,78.347,25.27,27.87,28.94,29.12,50.62,10.5643,23.88,19.7,24.52
8/7/2009,390.77,207.685,954.95,161.96,78.975,26.5,27.63,28.92,30.21,50.83,11.6524,25.12,19.79,24.28
8/14/2009,381.45,211.9,948.67,153.31,78.885,25.88,27.93,29.04,29.79,50.71,11.5631,24.73,19.71,24.4
8/21/2009,404.96,211.709,953.78,155.88,78.044,26.32,28.68,29.72,30.31,52.35,11.8149,25.3,20.09,24.74
8/28/2009,398.66,213.298,955.1,159.62,78.366,26.61,28.67,29.48,30.21,52.18,11.9773,25.32,20.28,24.77
9/4/2009,372.79,213.875,994.4,150.88,78.136,26.3,28.49,28.92,30.03,50.96,11.5469,25.31,20.09,24.84
9/11/2009,381.64,215.623,1005.3,160.34,76.608,27.08,28.92,28.94,30.79,53.6,11.7986,26.35,20.69,25.33
9/18/2009,397.29,213.544,1007.47,173.82,76.425,27.8,28.76,29.68,32.01,55.18,12.2939,27.01,20.89,25.4
9/25/2009,361.83,215.634,990.9,164.19,76.812,26.98,28.53,29.2,30.54,53.56,11.8473,26.13,20.58,25.24
10/2/2009,383.37,217.894,1002.75,157.34,77.003,26.53,28.15,28.52,29.61,51.97,11.6037,25.35,20.25,25.31
10/9/2009,394.92,216.185,1049.25,165.81,76.431,27.8,28.88,29.25,31.5,56.16,12.3751,26.55,21.02,25.92
10/16/2009,433.08,215.902,1053.55,163.33,75.597,28.33,29.24,29.69,32.04,58.99,12.3589,27.06,21.12,26.37
10/23/2009,441.19,214.934,1055.45,164.03,75.468,28.25,28.71,29.43,31.55,58.3,12.2615,26.68,21.33,26.07
10/30/2009,422.01,216.794,1045.45,157.39,76.3,26.82,28.07,28.39,29.34,55.25,11.4088,25.29,20.61,25.83
11/6/2009,425.09,216.454,1095.2,157.76,75.819,28.1,29.16,28.92,30.69,57.08,11.62,26.88,21.25,26.2
11/13/2009,422.17,217.428,1118.65,167.16,75.334,29.02,29.78,29.36,32.01,57.27,11.9042,27.5,21.9,26.72
11/20/2009,424.59,218.544,1150.6,166.76,75.656,28.69,30.39,29.25,32.44,56.6,11.8555,27.46,21.69,26.89
11/27/2009,416.8,221.317,1177.63,161.87,74.996,28.62,30.79,29.51,32.35,57.02,11.5956,27.42,21.71,26.88
12/4/2009,413.63,217.569,1161.43,175.88,75.911,29.15,30.98,30.64,32.55,55.9,11.8798,28.17,22.22,27.05
12/11/2009,394.33,217.254,1115.38,173.55,76.573,29.76,31.28,31.82,32.44,55.53,11.6849,28.17,22.24,27
12/18/2009,407.87,217.112,1113.2,176.41,77.821,29.61,31.13,31.35,31.99,56.15,11.5469,27.85,22.33,26.24
12/25/2009,427.77,214.401,1105.45,184.34,77.734,30.18,31.46,31.48,33.41,57.81,11.7986,28.25,23.01,26.68
1/1/2010,434.94,213.886,1097.35,178.63,77.86,29.77,31.07,31.02,32.99,57.01,11.6931,27.79,22.93,26.47
1/8/2010,454.13,214.237,1138.23,178.72,77.471,30.39,31.78,30.72,34.92,60.3,12.3589,29.25,23.04,26.57
1/15/2010,429.52,216.547,1130.93,177.68,77.323,29.98,32.22,30.91,33.8,59.26,12.1315,29.07,22.66,26.77
1/22/2010,408.53,217.703,1093.23,170.01,78.277,29.02,31.66,29.82,31.63,56.3,11.516,27.84,21.66,26.29
1/29/2010,399.48,218.167,1081.2,168.83,79.462,28.91,31.28,29.53,30.14,54.5,11.5144,27.38,20.959,26.2
2/5/2010,390.53,219.469,1066.25,169.13,80.441,28.77,30.83,28.92,30.48,54.24,11.3195,27.2,21.07,25.98
2/12/2010,408.31,218.031,1097.1,167.32,80.218,29.25,30.87,28.81,30.97,55.59,11.3276,27.57,21.36,26.44
2/19/2010,438.78,216.391,1119.2,175.92,80.643,30.22,31.53,29.76,32.29,57.36,11.7418,28.86,21.82,27.12
2/26/2010,436.59,219.576,1117.59,177.64,80.362,30.52,31.4,29.14,31.5,56.14,11.9204,28.84,21.69,27.03
3/5/2010,447.13,218.764,1134.9,183.86,80.432,31.79,32.02,29.96,33.17,58.15,12.3589,29.9,22.31,27.59
3/12/2010,446.89,218.302,1101.85,189.65,79.833,32.21,31.84,29.84,33.29,58.5,12.6188,30.37,22.75,27.48
3/19/2010,443.77,218.63,1107.05,193.8,80.724,32.4,32.25,29.96,33.28,57.28,12.7406,30.81,22.79,27.77
3/26/2010,438.45,216.739,1107.25,195.53,81.676,33.06,31.9,29.45,33.68,56.08,12.9923,31.09,23,27.91
4/2/2010,465.14,216.89,1123.8,194.39,81.173,33.07,32.31,30.07,34.51,58.54,13.0572,31.44,23.06,28.11
4/9/2010,466.97,216.664,1161.75,201.38,81.093,33.97,32.08,30.24,34.91,59.83,13.4316,31.78,23.48,28.04
4/16/2010,464.05,218.862,1137.41,194.95,80.824,34.37,31.63,29.83,34.33,59.3,13.2846,32.09,23.73,27.91
4/23/2010,466.51,217.7,1157.73,208.57,81.352,35.67,31.35,30.61,35.01,62.09,13.6257,33.12,24.08,28.03
4/30/2010,472.16,220.423,1179.03,205.39,81.866,34.82,30.88,30.44,33.99,59.91,13.1214,32.57,23.389,27.63
5/7/2010,415.38,223.759,1208.4,192.29,84.45,32.18,29.72,29.1,31.13,54.99,12.2533,30.03,21.75,26.74
5/14/2010,413.41,223.912,1232.98,198.77,86.095,33.01,29.97,29.93,31.59,56.24,12.4645,31.19,22.41,27.27
5/21/2010,383.86,226.811,1177.08,189.03,85.371,31.73,28.8,28.62,30.37,53.07,11.9773,29.42,21.47,26.62
5/28/2010,405.4,225.655,1214.73,193.49,86.48,32.37,28.87,28.76,30.75,53.05,11.9204,29.6,21.64,26.35
6/4/2010,391.92,227.28,1220.03,182.53,88.233,31.52,28.48,28.1175,29.11,51.55,11.49,28.43,21.42,26.07
6/11/2010,412.91,227.139,1226.58,195.76,87.507,32.25,29.16,29.22,30.67,54.32,11.7824,29.17,21.74,26.47
6/18/2010,428.92,226.731,1256.8,200.09,85.699,32.47,29.55,30.08,30.95,55.61,12.0422,30,22.33,26.66
6/25/2010,432.2,228.706,1255.68,193.94,85.313,30.81,29.01,28.84,30.1,52.49,11.8839,28.92,21.475,25.88
7/2/2010,395.37,230.272,1211.65,179.15,84.427,29.04,28.03,28.16,28.05,49.38,10.9785,27.01,20.29,25.45
7/9/2010,418.21,229.543,1211.71,189.04,83.947,30.41,29.03,29.8,30.39,52.62,11.7824,28.64,21.39,26.48
7/16/2010,418.61,231.963,1193,185.69,82.486,30.02,28.68,29.69,29.83,51.73,11.473,28.07,21.3725,26.52
7/23/2010,432.86,230.969,1189.14,196.98,82.464,31.55,28.43,30.48,32.01,53.78,11.823,30.07,22.19,27.15
7/30/2010,432.7,233.124,1181,200.28,81.539,31.44,28.57,30.37,32.01,53.84,11.9448,30.29,21.92,26.98
8/6/2010,442.82,234.572,1205.4,202.59,80.407,32.03,29.71,30.99,32.49,55.64,12.0016,30.85,22.28,27.09
8/13/2010,415.27,236.462,1215.43,194.93,82.948,30.75,29.1,30.7,31.3,53.35,11.4251,29.4,21.27,26.8
8/20/2010,404.58,236.381,1227.89,194.18,83.057,30.9,28.67,30.47,31.49,52.19,11.2302,29.17,21.35,26.73
8/27/2010,411.98,235.741,1237.83,197.32,82.918,30.69,28.57,31.14,31.38,52.1,11.149,28.74,21.04,26.69
9/3/2010,408.86,235.055,1246.55,208.57,82.102,32.28,29.17,31.62,32.73,54.2,11.7897,30.13,21.73,27.29
9/10/2010,422.02,233.877,1245.98,205.05,82.698,32.29,29.77,31.44,32.82,54.52,11.7986,30.4,21.74,27.52
9/17/2010,410.61,235.305,1274.18,208.47,81.398,32.75,29.94,30.85,32.7325,53.89,11.864,30.6975,22.53,27.55
9/24/2010,418.78,237.356,1296.63,208.58,79.395,33.7,30.66,31.46,33.36,55.27,11.8595,31.44,23.12,28.04
10/1/2010,447.11,238.992,1319.03,206.22,78.088,33.45,30.49,31.55,33.21,56.81,11.7743,31.31,23.03,27.93
10/8/2010,454.54,241.338,1346.85,210.74,77.325,34.36,30.77,31.85,34.24,58.36,11.9367,32.195,23.31,28.19
10/15/2010,449.03,239.301,1368.4,213.23,77.041,34.71,31.15,31.895,34.59,59.21,11.6484,32.23,24.09,28.61
10/22/2010,447.71,239.662,1328.55,217.15,77.472,34.96,31.23,31.87,34.29,59.3,11.8567,32.48,24.11,28.81
10/29/2010,446.29,239.402,1359.4,212.96,77.266,35.26,31.17,31.72,34.8,59.24,11.8222,32.18,24.35,28.77
11/5/2010,476.68,241.57,1393.63,223.32,76.548,36.51,31.45,32.05,36.32,62.31,12.6512,33.43,25.1,29.11
11/12/2010,467.72,238.762,1368.75,212.13,78.082,36.01,30.93,31.34,35.51,62.94,12.1315,32.41,24.34,28.71
11/19/2010,449.3,236.072,1353.63,207.74,78.504,36.24,30.9975,31.13,35.39,63.59,12.0621,32.76,24.31,28.81
11/26/2010,459.06,236.226,1363.8,209.7,80.357,36.31,30.58,30.86,34.87,62.51,11.7093,32.7,24.25,28.5
12/3/2010,488.82,234.289,1414.08,213.99,79.377,37.42,31.09,31.275,37.01,65.82,12.3268,34.04,24.805,28.81
12/10/2010,483.43,229.699,1386.13,211.29,80.07,37.56,31.29,31.12,37.25,65.9,12.7929,34.395,25.185,29.14
12/17/2010,485.59,229.765,1375.38,209,80.373,37.36,31.67,31.15,37.56,65.89,12.6106,34.54,25.08,29.36
12/24/2010,501.53,228.516,1384.65,214.05,80.474,37.63,31.65,31.36,38.14,67.41,12.8867,34.82,25.21,29.4
12/31/2010,500.82,230.136,1421.4,217.04,79.028,37.41,31.5,31.34,38.41,68.25,12.9517,34.87,25.19,29.31
1/7/2011,483.77,230.591,1369.54,216.29,81.012,37.7,32.07,31.5825,38.315,68.28,13.1669,35.26,25.75,29.0325
1/14/2011,507.34,230.956,1361.85,219.08,79.162,37.92,32.18,31.74,38.8,70.65,13.5769,35.91,26.17,29.33
1/21/2011,488.38,229.619,1342.68,218.86,78.213,37.82,32.1875,31.95,37.4775,70.1,13.367,35.9,25.72,29.49
1/28/2011,489.64,231.537,1336.78,221.82,78.133,37.1,31.61,31.65,37.81,71.11,13.1953,35.83,25.83,28.98
2/4/2011,487.94,226.617,1348.93,224.26,78.044,38.21,32.33,31.8,39.575,74.13,13.4856,36.78,26.69,29.3
2/11/2011,488.49,226.474,1356.95,229.88,78.46,39.58,32.38,32,39.85,74.11,13.8701,37.85,26.9025,29.58
2/18/2011,491.67,227.555,1389.99,230.78,77.664,40.01,32.81,31.91,40.25,77.02,13.9492,38.045,27,29.8
2/25/2011,536.45,229.681,1410.65,229.67,77.275,39.1125,32.31,31.755,39.04,77.94,13.6183,36.83,26.45,29.55
3/4/2011,572.29,229.083,1430.95,227.2,76.4,39.21,33.135,32.005,39.05,78.34,13.4145,36.841,26.415,29.58
3/11/2011,560.94,231.141,1417.65,227.84,76.776,39.01,32.7,32.52,37.91,75.11,13.4308,36.67,25.8,29.73
3/18/2011,558.2,233.077,1418.56,224.92,75.718,37.58,31.97,30.88,37.73,75.39,13.2115,35.97,24.9,29.05
3/25/2011,577.66,230.184,1429.88,226.17,76.217,38.82,32.67,31.39,39.23,78.69,13.2684,37.1,25.88,29.69
4/1/2011,591.58,229.77,1428.73,231.1,75.833,39.3,33.28,32.12,40.17,79.99,13.4226,37.98,26.01,30.07
4/8/2011,619.43,228.62,1474.91,226.53,75.066,39.06,33.32,31.98,40.2,79.72,13.3658,37.42,25.93,30.25
4/15/2011,604.08,231.4,1486.88,231.41,74.832,39.25,33.92,32.1,39.36,77.19,13.106,37.13,25.74,30.84
4/22/2011,615.42,231.73,1507.04,235.12,74.108,39.91,34.25,32.24,40.45,78.98,13.0735,37.63,26.35,30.9
4/29/2011,624.41,233.97,1563.7,240.99,72.933,40.55,35.24,33.16,40.87,80.479,13.3008,38.7,26.74,31.52
5/6/2011,533.26,236.18,1495.58,235.72,74.841,40.29,35.5,33.29,39.35,74.8,13.0816,38.07,26.48,31.44
5/13/2011,548.72,236.6,1495.15,235.02,75.757,40.56,36.08,33.91,38.65,73.79,12.8055,37.68,26.46,32.11
5/20/2011,548.61,237.21,1512.23,235.94,75.435,40.27,36.04,34.13,38.51,74.63,12.7649,37.37,26.169,32.32
5/27/2011,551.3,239.17,1536.4,238.9,74.954,40.16,35.69,33.62,39.35,76.34,12.7324,37.29,26.1,32.04
6/3/2011,549.27,240.85,1542.28,235.19,73.783,38.92,35.19,33.19,38.08,75.26,12.3589,36.1,25.54,31.31
6/10/2011,546.63,241.22,1531.27,225.9,74.795,37.86,34.805,32.97,37.59,73.33,12.0422,35.21,24.77,30.91
6/17/2011,511.89,241.99,1539.4,229.44,74.988,37.95,34.77,32.99,36.64,71.685,12.0918,35.45,24.445,31.135
6/24/2011,499.62,243.61,1502.55,228.51,75.665,38.5,34.68,32.8,37.47,70.93,11.9854,35.63,24.54,30.61
7/1/2011,520.33,238.24,1487.43,238.33,74.349,41.02,35.96,33.88,39.73,76.06,12.6918,37.91,26.12,31.47
7/8/2011,527.79,241.62,1544.15,243.18,75.179,41.37,35.78,33.76,40.23,76.89,12.5538,37.82,26.47,31.74
7/15/2011,534.91,243.85,1593.6,237.2,75.126,40.29,35.19,33.36,39.57,76.86,12.0585,36.54,25.92,31.36
7/22/2011,547.35,242.82,1601.33,243.83,74.201,41.09,35.59,33.82,39.95,79.73,12.4401,36.83,26.72,31.74
7/29/2011,524.5,245.47,1627.05,234.09,73.897,39.65,34.12,33.17,38.01,76.45,12.0138,34.68,25.81,30.83
8/5/2011,476.62,248.13,1663.95,207.57,74.598,36.34,31.81,31.89,34.32,68.07,10.9054,31.76,24.33,29.91
8/12/2011,469.64,253.66,1746.68,211.72,74.607,36.07,31.64,31.7,34.44,66.96,10.3776,31.4,24.121,29.54
8/19/2011,451.66,255.46,1852.07,204.73,74.009,34.05,31.03,32.39,32,63.24,9.8498,29.13,22.52,29.55
8/26/2011,467.88,254.46,1827.15,211.42,73.814,36.12,32.24,33,33.93,65.81,10.3695,30.93,23.8,30.17
9/2/2011,473.8,256.53,1882.96,212.08,74.756,36.06,32.45,33.29,33.97,66.22,10.1827,30.85,23.62,30.34
9/9/2011,478.5,257.57,1855.57,210.94,77.192,35.42,31.97,32.8,33.17,64.89,9.931,30.18,23.49,30
9/16/2011,483.28,254.96,1811.38,218.76,76.599,37.77,33.02,33.98,34.52,67.09,10.4791,31.97,24.98,30.84
9/23/2011,437.63,257.73,1656.74,199.99,78.501,35.73,31.48,33.41,30.24,58.7,9.4844,29.31,24,29.5
9/30/2011,434.07,256.01,1623.79,196.07,78.553,34.86,31.73,33.62,29.355,58.51,9.5899,29.22,23.6,29.66
10/7/2011,454.99,253.64,1637.85,191.93,78.726,36.35,31.9,33.4,31.12,60.9,9.6062,30.34,24.3,30.07
10/14/2011,476.82,252.13,1680.95,204.44,76.623,38.67,32.88,33.98,33.48,66.6,10.2314,32.19,26,30.87
10/21/2011,479.01,253.18,1641.85,210.99,76.395,39.32,33.11,34.88,33.37,68.55,10.6618,32.67,25.53,31.47
10/28/2011,511.45,252.07,1743.42,224.97,75.067,39.63,34.21,35.01,35.99,73.04,11.4088,34.26,26.48,31.51
11/4/2011,516.61,256.32,1754.65,219.54,76.962,38.92,33.19,34.98,34.98,71.26,10.7877,33.6,26.05,30.99
11/11/2011,541.98,255.4,1788.63,218.06,76.945,39.47,34.07,35.36,35.17,72.26,10.7471,33.93,26.16,31.48
11/18/2011,535.3,256.41,1723.92,210.87,78.064,37.88,32.85,34.64,33.26,68.15,10.1502,32.92,25.21,31.06
11/25/2011,530.36,257.12,1683.52,199.88,79.686,36.33,31.71,33.43,31.41,63.83,9.5656,31.16,24.01,30.37
12/2/2011,553.33,256.56,1746.59,211.42,78.625,39.07,33.51,34.75,34,70.42,10.4831,33.71,25.74,31.74
12/9/2011,545.46,256.9,1711.47,214.18,78.632,39.35,33.82,35,34.1,70.192,10.6374,33.97,26.04,32.01
12/16/2011,513.81,259.53,1598.95,214.13,80.256,37.9,33.41,34.54,32.53,66.14,10.1827,32.67,24.98,31.49
12/23/2011,546.31,256.94,1606.88,222.22,79.93,39.18,34.8,35.8,33.91,69.6,10.678,34.09,25.56,32.57
12/30/2011,541.65,259.44,1564.91,220.4,80.178,39.02,34.69,35.98,33.5,69.13,10.5562,33.75,25.45,32.49
1/6/2012,556.61,258.7,1617.08,220.25,81.254,40.05,35.13,35.02,34.77,70.44,10.877,34.59,25.97,32.16
1/13/2012,541.93,260.28,1638.92,223.63,81.515,40.38,35.43,34.89,36.1,69.44,11.218,35.495,26.08,32.14
1/20/2012,538.91,257.74,1666.6,229.18,80.223,41.16,35.85,34.61,36.58,71.38,11.4819,36.16,26.8,32.4
1/27/2012,545.65,260.62,1738.95,235.65,78.902,41.45,35.82,34.73,37.18,71.48,11.4738,36.46,26.9,32.22
2/3/2012,536.23,259.85,1726.33,240.37,78.924,42.26,36.22,34.83,37.88,72.77,11.9651,37.26,27.715,32.48
2/10/2012,542.35,259.98,1721.85,235.25,79.114,42.31,35.81,34.8,37.05,73.04,11.827,36.97,28.03,32.61
2/17/2012,567.8,259.05,1723.49,236.43,79.331,42.96,36.24,35.05,37.37,74.87,12.0097,37.28,28.52,33.06
2/24/2012,601.61,259.58,1772.35,234.95,78.352,42.86,36.19,35.08,37.55,76.23,11.9123,37.48,28.82,33.06
3/2/2012,584.79,259.96,1712.45,233.85,79.403,43.52,36.31,34.96,37.29,74.74,12.0706,37.14,29.08,33.21
3/9/2012,590.17,259.22,1713.85,233.82,80.041,43.98,36.47,35.17,36.64,74.19,12.0909,37.02,29.18,33.47
3/16/2012,589.61,255.04,1659.98,239.97,79.786,44.35,36.85,34.78,37.1,74.8,12.7649,37.98,29.88,33.6
3/23/2012,585.72,255.91,1661.7,238.53,79.345,44.65,36.62,34.6,36.91,72.26,12.773,37.16,29.985,33.76
3/30/2012,564.62,256.79,1668.15,241.78,79.004,45.09,37.61,35.045,36.97,71.75,12.8258,37.415,30.16,34.08
4/6/2012,566.21,257.75,1640.3,238.61,79.886,45.01,37.51,34.89,36.48,70.5,12.6147,36.97,30.17,34.05
4/13/2012,566.26,260.85,1658.38,236.15,79.888,44.55,36.58,34.33,36.13,68.7,12.2858,36.33,29.61,33.63
4/20/2012,569.33,261.14,1643.05,242.59,79.194,44.64,37.29,35.02,36.48,68.96,12.3305,36.77,29.28,34.31
4/27/2012,575.08,262.1,1662.85,248.08,78.709,45.87,37.53,35.61,36.93,70.8,12.6025,37.36,30.03,34.27
5/4/2012,539.79,263.07,1642.35,246.46,79.498,44.91,36.95,35.57,35.68,68.3,12.2615,36.3,29.07,34.08
5/11/2012,528.83,263.94,1579.35,247.66,80.264,44.24,37.01,35.93,35.01,67.34,12.026,35.67,28.69,34.03
5/18/2012,503.12,265.4,1593.03,231.23,81.292,42.01,36.07,35.42,32.77,63.94,11.1823,34.12,27.47,33.52
5/25/2012,497.97,265.31,1573,237.41,82.402,43.28,36.42,35.78,33.99,65.13,11.3845,34.92,27.87,33.89
6/1/2012,456.15,269.22,1624,230.69,82.89,41.74,35.51,35.71,33.1,62.04,10.9541,33.71,27.2,33.16
6/8/2012,461.56,266.72,1593.4,240.22,82.511,43.41,36.59,36.82,34.58,64.5,11.4795,34.8,28.33,34.09
6/15/2012,462.18,267.32,1627.1,241.28,81.628,43.42,37.06,36.93,34.53,65.62,11.6443,34.955,28.37,34.33
6/22/2012,437.14,265.76,1572.43,239.7,82.256,43.31,37.415,36.26,34.2,63.44,11.6403,34.75,28.48,33.91
6/29/2012,465.64,266.52,1597.45,248.4,81.627,43.78,38.005,36.99,35.29,66.37,11.8839,35.67,28.725,34.77
7/6/2012,462.84,268.49,1583.85,251.21,83.377,43.77,37.63,36.83,35.15,66.29,11.7499,35.21,28.69,34.96
7/13/2012,479.56,268.87,1589.6,253.14,83.349,43.62,38.13,37.34,34.74,66.77,11.9407,34.87,28.27,35.33
7/20/2012,503.29,269.59,1584.53,250.62,83.478,43.75,38.25,37.67,35.42,68.79,11.6728,35.16,28.755,35.045
7/27/2012,493.97,268.04,1623.2,253.3,82.709,44.28,38.83,38.09,35.11,70.22,11.9854,36.01,29.13,35.61
8/3/2012,500.93,267.61,1603.55,254.92,82.375,44.33,38.49,37.86,35.12,70.44,12.0341,36.16,29.54,35.75
8/10/2012,510.22,267.27,1620.15,249.43,82.553,44.62,38.69,37.54,36.06,72.37,12.1315,36.68,30.13,35.63
8/17/2012,527.9,264.81,1616.4,251.86,82.596,45.43,38.48,37.09,36.24,72.57,12.2858,37.18,30.75,35.9
8/24/2012,526.96,266.97,1670.5,251.41,81.593,45.37,38.74,36.62,35.84,71.98,12.2858,36.71,30.57,35.6
8/31/2012,528.72,269.46,1691.85,253.3,81.208,45.55,38.84,36.35,35.65,71.53,12.3102,36.36,30.49,35.46
9/7/2012,528.44,268.04,1735.85,257.08,80.252,46.78,39.53,36.62,36.95,73.45,12.7324,37,31.09,35.76
9/14/2012,544.39,265.78,1770.5,261.65,78.847,47.71,39.67,36.54,38.35,76.57,13.2196,37.76,31.58,35.78
9/21/2012,509.1,267.36,1773.1,253.51,79.328,47.53,40.19,36.025,37.445,74.675,12.8542,36.975,31.51,35.96
9/28/2012,505.26,269,1772.25,249.34,79.935,46.79,40.12,36.39,36.8,73.435,12.6594,36.53,30.825,35.825
10/5/2012,493.03,267.88,1780.7,250.23,79.337,47.61,41.17,36.74,37.2,73.58,13.041,37.16,30.89,36.51
10/12/2012,505.75,268.67,1754.03,247.42,79.667,46.25,40.31,36.5,36.37,72.56,12.838,36.45,29.92,35.85
10/19/2012,495.67,266.82,1721.75,250.98,79.621,46.58,40.6,37.11,37.09,73.83,13.0816,36.79,29.29,35.71
10/26/2012,472.87,267.17,1711.2,244.85,80.068,45.92,40.32,36.58,36.11,71.96,12.8299,36.32,28.99,35.35
11/2/2012,465.09,267.61,1678,249.24,80.593,46.5711,40.14,36.26,36.07,71.06,12.9924,36.83,28.96,35.2
11/9/2012,473.3,269.89,1731.07,243.51,81.026,45.42,39.17,34.67,35.56,69.55,12.5863,36.27,28.24,34.6
11/16/2012,476.38,270.46,1713.72,238.86,81.257,45.1813,38.93,34.36,34.86,68.92,12.4076,35.52,27.66,34.41
11/23/2012,483.83,268.73,1753,244.69,80.192,47.16,40.02,34.09,36.4,71.61,12.8624,36.74,28.85,35.67
11/30/2012,487.28,270.38,1714.98,245.62,80.153,47.53,40.24,35.32,36.7,71.06,12.7974,37.13,29.13,36.04
12/7/2012,471.58,270.22,1704.07,248.57,80.408,47.42,40.48,35.455,36.05,71.56,13.0126,37.495,28.77,36.18
12/14/2012,478.19,268.68,1696.15,246.31,79.58,46.85,40.51,35.21,36.65,71.22,12.9923,37.62,28.69,35.96
12/21/2012,485.91,268.05,1657.22,251.82,79.617,47.28,40.21,35.31,37,72.07,13.3171,37.93,28.95,35.17
12/28/2012,497.64,269,1655.7,248.75,79.678,46.51,39.46,34.45,36.82,69.83,13.1384,37.22,28.36,34.45
1/4/2013,510.19,266.1,1656.1,256.73,80.499,48.7287,40.9,35.74,38.67,73.79,13.8449,39.12,29.5,35.81
1/11/2013,514.66,266.89,1662.98,258.42,79.563,48.87,41.77,35.4,39.01,73.61,13.8936,39.09,29.59,35.92
1/18/2013,526.36,267.37,1684.25,261.5,80.036,49.82,42.18,35.68,39.34,75.49,13.9261,39.93,29.39,36.48
1/25/2013,525.48,265.89,1658.65,264.73,79.748,50.9,42.85,36.23,39.76,76.89,14.1859,40.47,29.3,36.76
2/1/2013,535.84,265.32,1667.4,262.48,79.125,50.42,43.25,36.68,39.5,78.07,14.2996,40.47,29.73,37.17
2/8/2013,525.81,266.56,1667.25,263.49,80.246,50.72,43.39,36.69,39.38,78.58,14.2915,40.61,29.93,37.48
2/15/2013,528.39,266.15,1610.15,264.41,80.58,50.94,43.41,36.72,39.35,78.45,14.4214,41.06,29.78,37.61
2/22/2013,510.41,266.92,1581.16,264.05,81.482,50.21,43.39,37.18,38.23,77.97,14.4052,40.84,29.69,38.26
3/1/2013,496.99,268.98,1576.18,264.57,82.313,51.05,43.78,37.5,38.51,77.79,14.324,40.9,29.68,38.22
3/8/2013,505,265.8,1578.97,266.49,82.696,52.62,44.54,37.97,39.59,78.99,14.8112,41.82,30.29,38.62
3/15/2013,514.19,267.17,1592.1,267.94,82.261,52.591,44.73,38.13,39.85,79.6,14.9777,41.97,30.2,38.485
3/22/2013,513.59,268.45,1608.55,267.32,82.376,52.62,44.93,38.17,39.07,78.75,14.7584,41.62,30.172,39.3
3/29/2013,532.88,269.42,1597.5,270.11,82.976,53,46.009,39.1,39.18,79.31,14.786,41.76,30.27,39.77
4/5/2013,508.4,271.81,1581.25,274.51,82.496,52.59,46.41,39.57,38.31,77.3,14.6407,40.97,29.73,39.66
4/12/2013,502.08,271.46,1482.75,280.97,82.311,54.41,47.93,40.33,38.74,78,14.998,41.76,30.365,40.71
4/19/2013,483.78,271.5,1403.79,279.48,82.714,53.24,47.6,40.73,37.76,74.56,14.6813,40.38,29.35,41.01
4/26/2013,509.7,272.4,1461.92,280.37,82.502,54.27,47.535,40.98,38.9,77.18,15.0751,41.23,30.04,40.89
5/3/2013,524.01,271.22,1470.75,284.55,82.125,55.54,47.67,40.89,39.82,79.47,15.3065,42.13,31.21,41.23
5/10/2013,527.46,269.63,1448.55,286.49,83.143,56.77,48.18,39.83,40.57,80.27,15.6313,43.19,31.59,41.16
5/17/2013,527.73,269.18,1359.5,291.47,84.252,57.55,49.1,40.32,41.26,82.12,16.1997,44.17,32.2,41.94
5/24/2013,516,268.13,1386.64,280.47,83.7,56.8,49.12,38.83,40.57,81.71,16.0211,43.71,31.69,41.7
5/31/2013,504.06,265.8,1387.8,266.11,83.375,56.12,48.11,37.68,40.3,80.5,16.1105,43.53,31.66,40.05
6/7/2013,526.57,265.51,1382.97,265.57,81.669,56.84,48.5,37.97,40.18,81.31,16.216,43.79,31.73,40.68
6/14/2013,537.49,266.61,1390.67,263.49,80.67,56.35,48.54,38,40.05,79.91,15.8749,43.3,31.38,40.7
6/21/2013,513.48,259.73,1296.42,249.52,82.318,55.045,47.285,36.54,38.785,78.17,15.5217,42.3,30.51,39.43
6/28/2013,529.21,260.35,1234.53,258.56,83.136,56.4,47.61,37.63,38.345,78.3,15.7897,42.64,30.585,39.67
7/5/2013,565.71,256.43,1223.14,257.06,84.449,57.77,48.22,36.9,38.72,79.96,16.0942,43.3,31.18,40.03
7/12/2013,578.48,259.39,1285.59,266.69,82.988,59.72,49.88,38.64,40.03,81.91,16.5246,44.45,31.93,41.43
7/19/2013,591.2,261.45,1296.03,269.68,82.607,59.57,50.57,39.39,40.48,83.72,16.8331,45.41,31.445,41.8
7/26/2013,573.82,260.61,1333.16,265.16,81.657,59.52,51.14,39.35,40.49,83,16.76,44.93,31.73,41.53
8/2/2013,586.1,260.39,1312.03,256.83,81.908,60.72,51.36,39.54,41.01,83.39,16.8981,46.02,32.21,41.75
8/9/2013,578.12,260.87,1314.46,257.01,81.126,60.08,50.91,39.14,41.38,82.59,16.5814,45.49,31.97,41.57
8/16/2013,588.02,257.11,1376.57,240.28,81.257,58.09,49.41,37.54,40.76,81.23,16.2606,44.98,31.815,40.29
8/23/2013,583.25,256.86,1397.73,246.07,81.361,58.52,49.79,37.66,41.17,81.76,16.2891,45.13,32.07,40.21
8/30/2013,589.99,258.09,1395.27,242.04,82.087,57.68,49.22,37.3,40.43,81.57,15.7856,44.04,31.4,39.51
9/6/2013,605.78,255.3,1391.8,243.61,82.146,58.65,50.2,36.98,41.07,82.88,16.0779,44.86,31.77,39.77
9/13/2013,589.39,256.57,1326.17,248.68,81.452,60.21,51.21,37.21,42.16,83.95,16.3987,46.21,32.255,40.72
9/20/2013,574.1,260.2,1325.85,253.74,80.431,60.96,51.54,37.53,42.62,84.04,16.5855,46.96,32.415,40.98
9/27/2013,563.79,262.37,1336.88,251.14,80.287,60.86,50.7,37.41,42.16,83.55,16.2769,46.68,32.24,40.23
10/4/2013,569.11,262.05,1311.09,247.93,80.122,60.98,51.22,37.15,42.55,83.74,16.2809,46.27,32.18,39.81
10/11/2013,559.36,261.89,1272.2,254.17,80.362,60.79,51.23,38.115,42.55,84.29,16.4929,46.8,32.45,40.57
10/18/2013,554.15,263.52,1316.25,261.41,79.654,62.04,52.55,38.43,43.559,86.94,16.9801,47.691,33.24,41.49
10/25/2013,536.28,265.01,1350.62,265.68,79.194,63.31,52.74,39.2,44.24,86.6,16.9387,48.76,33.5,42.02
11/1/2013,518.52,263.3,1316.18,258.99,80.716,63.56,53.115,39.06,43.67,86.08,16.743,48.97,33.66,42.51
11/8/2013,519.24,261.9,1288.5,248.96,81.303,63.29,53.16,38.95,44.185,86.55,16.9387,49.38,33.9,42.67
11/15/2013,517.87,263.27,1290.18,251.95,80.849,64.95,54.32,39.365,44.925,87.66,17.1579,50.01,34.3,43.33
11/22/2013,519.78,262.88,1243.8,246.74,80.708,64.85,55.25,38.66,44.74,88.23,17.4503,50.35,34.16,43.16
11/29/2013,508.17,263.01,1253.35,244.93,80.68,65.6,55.26,38.03,44.34,86.44,17.4421,50.4,34.69,43.01
12/6/2013,535.46,260.59,1229.1,246.48,80.315,65.13,55.22,38.44,44.27,86.41,17.3691,50.34,34.82,43.08
12/13/2013,531.24,260.69,1238.69,241.46,80.214,64.48,53.81,37.51,43.99,85.13,17.1579,49.77,34.2,42.27
12/20/2013,544.34,259.58,1203.24,245.83,80.575,65.66,54.91,37.83,44.93,86.67,17.5436,51.26,34.96,42.55
12/27/2013,549.82,258.01,1213.27,246.02,80.392,66.27,55.38,37.81,46.03,88.29,17.6939,52,35.58,42.84
1/3/2014,514.96,258.4,1236.97,247.01,80.791,66.34,55.26,37.27,45.74,86.93,17.7751,51.67,35.22,42.37
1/10/2014,508.92,260.77,1248.5,250.91,80.658,66.34,56.74,38.22,45.64,86.9,17.8887,51.93,35.32,42.4
1/17/2014,518.41,261.03,1254.05,251.67,81.225,65.09,57.02,38.06,45.93,86.01,17.8075,51.82,35.75,42.07
1/24/2014,529.65,262.38,1270.06,250.22,80.458,63.5,55.66,37.98,43.87,84.3299,17.1417,49.81,35.13,41.48
1/31/2014,534.31,263.82,1244.55,254.34,81.311,62.82,55.96,39.1,44.04,83.38,17.1011,50.03,34.82,40.76
2/7/2014,546.83,264.28,1267.27,256.43,80.691,64.09,56.35,38.88,44.7,84.04,17.2879,50.47,35.1,40.93
2/14/2014,548.78,263.6,1318.66,261.54,80.136,65.17,58.21,40.28,46.12,86.03,17.5721,51.37,36.07,41.84
2/21/2014,560.12,263.54,1324.25,262.6,80.237,65.2,58.81,40.55,46.19,86.41,17.4421,51.39,35.95,41.6
2/28/2014,562.26,264.56,1326.39,265.66,79.691,66.84,59.44,40.45,47.08,87.65,17.6208,52.06,36.35,42.35
3/7/2014,561.56,262.47,1339.98,264.15,79.719,67.39,59.45,39.99,47.79,88.02,18.1648,53,36.42,42.66
3/14/2014,540.17,264.83,1382.92,264.13,79.446,65.85,58.44,40.89,46.9,86.38,17.702,51.35,35.63,42.58
3/21/2014,545.11,262.27,1334.69,263.33,80.105,65.68,58.18,40.51,47.37,87.06,18.1892,51.65,36.31,42.5
3/28/2014,557.22,262.51,1295.23,262.93,80.176,64.28,57.71,41.01,46.77,89.06,17.9537,51.73,36.07,42.75
4/4/2014,554.31,262.74,1303.5,265.96,80.423,64.65,58.01,41.46,47.34,90.16,18.0024,52.54,35.92,42.95
4/11/2014,562.42,265.14,1318.42,263.19,79.452,62.24,55.71,41.69,46.03,88.45,17.2797,50.9,35.2,42.75
4/18/2014,566.53,262.91,1294.3,268.16,79.847,63.77,56.89,42.3,47.52,92.79,17.7507,52.75,36.03,43.63
4/25/2014,551.35,263.58,1303.25,269.08,79.749,63.44,57.39,43.11,47.16,93.23,17.7426,52.51,35.75,43.79
5/2/2014,546.75,264.84,1299.7,273.97,79.516,64.25,57.75,42.5,47.55,93.72,17.8563,52.82,36.39,44.2
5/9/2014,545.77,265.57,1288.91,276.93,79.903,63.84,57.82,42.26,47.75,93.67,17.8075,53.01,36.33,44.51
5/16/2014,556.72,267.23,1293.52,277.84,80.043,63.75,58.15,42.14,47.9,93.4,17.6573,53.09,36.68,44.28
5/23/2014,571.91,267.27,1292.61,276.64,80.393,65.08,59.01,41.76,48.58,94.15,17.8969,53.55,37.34,44.28
5/30/2014,562.92,268.33,1249.68,279.02,80.369,65.68,59.79,42.74,49.08,95.31,18.0999,54.05,37.82,45.04
6/6/2014,561.85,265.86,1253.23,282.99,80.409,66.92,60.16,43.08,49.72,96.81,18.514,55.31,38.19,45.23
6/13/2014,581.88,265.73,1276.96,276.99,80.576,65.79,59.63,42.55,49.15,98.42,18.3597,54.5,38.13,44.71
6/20/2014,585.5,265.66,1314.82,280.47,80.372,66.08,60.68,43.47,49.64,100.93,18.5384,55.02,38.09,45.22
6/27/2014,579.52,267.43,1316.17,280.6,80.039,66.77,61.07,43.91,49.465,100.02,18.4815,54.29,38.34,44.655
7/4/2014,570.32,265.56,1320.55,279.43,80.269,68.07,62.32,42.5,50.14,100.39,18.7089,54.75,38.95,45.09
7/11/2014,550.29,267.7,1338.7,282,80.187,67.39,61.62,42.83,49.63,98.4,18.4247,54.07,38.92,45.26
7/18/2014,558.75,267.84,1310.88,285.35,80.524,67.4999,61.4099,42.74,49.94,98.9899,18.6033,54.24,39.4499,45.2
7/25/2014,559.52,267.91,1307.22,283.74,81.029,66.82,61.83,42.44,50.11,99.84,18.5871,53.79,39.72,44.79
8/1/2014,536.45,267.78,1293.75,279.31,81.302,65.65,60.96,41.41,48.69,95.85,18.043,51.78,38.789,43.47
8/8/2014,533.41,269.31,1309.58,281.22,81.389,66.36,60.53,41.44,49.2,96.6,18.1729,52.17,38.67,43.87
8/15/2014,522.42,270.75,1304.7,285.25,81.424,67.12,61.96,41.97,49.73,96.37,18.3354,52.89,39.29,44.52
8/22/2014,513.26,269.15,1281.1,287.42,82.336,68.64,62.99,42.45,50.17,97.01,18.7738,54.15,40.11,44.84
8/29/2014,525.92,270.19,1287.32,288.72,82.748,68.82,63.86,43.28,50.53,98.74,18.9687,54.02,40.28,45.13
9/5/2014,511.29,268.65,1268.81,291.35,83.739,69.26,64.17,43.62,50.66,97.08,19.0499,54.33,40.29,45.58
9/12/2014,500.77,266.33,1229.65,276.88,84.24,68.35,63.81,42.26,49.75,93.56,18.9931,53.99,40.22,45.05
9/19/2014,502.3,266.37,1215.7,275.66,84.735,68.49,64.88,42.54,50.44,93.79,19.2042,54.43,40.34,45.43
9/26/2014,512.66,267.31,1218.38,272.21,85.64,67.41,64.4,41.76,50.4,91.981,18.9119,53.31,39.79,45.1
10/3/2014,491.83,268.82,1191.42,271.78,86.694,66.95,64.41,42.54,48.44,88.17,18.9038,52.8,39.58,45.44
10/10/2014,467.24,271.84,1223.16,274.9,85.912,64.55,62.97,42.93,46.3,83.55,18.3354,50.32,38.05,45.61
10/17/2014,449.74,274.19,1238.32,278.93,85.11,63.94,61.17,43,46.62,82.7,18.1242,51.48,37.65,44.63
10/24/2014,443.99,272.88,1231.01,287.65,85.732,66.35,65.21,44.53,48.28,85.6,18.7576,53.71,39.25,45.91
10/31/2014,441.41,271.44,1172.94,292.92,86.917,68.1,67.27,45.47,48.4,87.42,19.3585,55.21,40.54,46.71
11/7/2014,431,272.08,1177.97,293.24,87.642,68.0067,67.03,46.25,48.64,87.79,19.6102,56.11,40.84,47.74
11/14/2014,415.54,272.15,1188.75,291.64,87.525,69.28,67.25,44.94,49.29,86.21,19.5371,56.31,41.61,47.76
11/21/2014,419.32,272.15,1201.55,295.22,88.31,70.09,68.32,45.7,50.67,88.5,19.6589,57.18,41.67,48.45
11/28/2014,362.55,274.3,1167.38,300,88.356,71.81,69.61,46,49.16,79.82,19.8132,56.91,42.49,49.3
12/5/2014,360.98,271.84,1192.35,298.42,89.334,71.53,70.79,45.87,49.77,80.28,20.1543,57.26,42.12,48.85
12/12/2014,318.32,275.38,1222.59,297.33,88.363,70,68.78,45.91,46.8,74.02,19.6021,54.82,40.615,47.91
12/19/2014,313.11,273.43,1195.74,301.87,89.598,70.87,70.41,46.86,48.82,80.57,20.0406,56.59,41.57,48.62
12/26/2014,299.96,272.08,1196,305.15,90.03,72.23,69.13,48.55,49.23,80.11,20.2598,57.4,42.32,49.46
1/2/2015,288.78,274.55,1188.39,304.76,91.08,71.63,68.63,47.44,48.65,79.53,20.0812,56.51,41.27,48.35
1/9/2015,266.43,277.62,1223.25,313.4,91.935,70.89,70.21,47.38,48.4,76.36,19.5859,55.42,41.25,49.11
1/16/2015,269.26,280.39,1280.45,319.69,92.52,69.67,70.37,48.62,47.85,75.23,19.0743,54.73,40.38,49.27
1/23/2015,249.86,279.98,1294.08,322.42,94.762,70.93,70.94,49.14,48.25,76.66,19.3017,55.985,41.45,49.65
1/30/2015,264.39,282.58,1283.79,317.41,94.804,69.99,69.27,48.32,47.69,75.55,18.6845,54.57,39.9,48.02
2/6/2015,284.18,277.93,1234.04,313.52,94.698,72.94,69.78,46.56,49.92,79.82,19.6021,56.2,41.1,49.07
2/13/2015,294.15,276.88,1229.76,313.92,94.201,74.89,70.72,45.17,51.44,82.04,19.8376,57.17,42.65,49.5
2/20/2015,278.47,275.1,1201.94,312.63,94.253,75.44,72.18,45.69,51.93,80.54,19.8457,58.16,43.08,49.6
2/27/2015,272.72,277.29,1213.18,308.89,95.293,75.97,72.24,45.23,51.49,79.02,19.7726,57.49,43.09,50.01
3/6/2015,273.93,273.53,1167.29,298.44,97.615,75.41,71.41,43.39,50.46,76.78,19.6752,56.46,42.39,48.76
3/13/2015,257.92,275.8,1158.48,303.65,100.33,75.16,71.81,43.48,49.84,74.63,19.7483,56.08,41.49,48.28
3/20/2015,255.23,279.22,1182.54,319.26,97.909,76.77,74.9,44.98,49.23,76.91,20.0649,57.12,42.54,48.94
3/27/2015,267.84,279.22,1198.55,309.61,97.291,74.91,73.04,43.88,48.61,76.4,19.4316,55.55,41.37,48.71
4/3/2015,269.32,280.28,1206.91,312.88,96.545,75.69,71.99,44.55,48.97,77.72,19.6589,55.43,41.37,49.13
4/10/2015,289.17,279.5,1207.59,305.84,99.338,76.67,74.06,44.66,49.7,80.14,19.6833,56.97,42.08,49.6
4/17/2015,314.15,281.67,1204.22,303.43,97.52,75.23,73.29,44.1,49.62,81.91,19.594,55.8,41.47,49.06
4/24/2015,313.22,280.76,1179,305.89,96.922,77.63,74.39,45.15,50.26,81.98,19.7158,56.32,43.13,49.19
5/1/2015,324.18,277.27,1178.46,297.39,95.297,76.35,72.68,44.47,51.25,82.87,19.7645,56.33,43.1,48.81
5/8/2015,327.6,277.37,1188.39,298.79,94.794,76.6,73.45,44.03,51.57,81.76,20.1056,56.58,43.03,49.17
5/15/2015,331.8,277.81,1224.8,300.34,93.135,76.59,74.26,44.32,51.51,80.67,20.0568,57.11,43.31,49.75
5/22/2015,327.3,276.18,1206.21,296.93,96.014,76.94,74.98,44.57,51.12,80.2,20.1868,56.9,43.6,49.25
5/29/2015,330.48,278.43,1190.58,293.95,96.907,76.3,74.94,44.5,50.61,78.39,19.9756,55.81,43.37,48.79
6/5/2015,324.54,272.8,1171.94,287.04,96.306,76.52,74.34,42.72,50.01,77.67,20.1299,55.86,42.95,47.59
6/12/2015,331.03,273.25,1181.63,287.71,94.972,76.59,74.44,42.54,50.2,76.95,20.3329,55.98,42.67,48.06
6/19/2015,328.67,276.01,1200.27,291.96,94.085,77.45,75.71,42.79,50.21,75.91,20.0893,55.72,42.54,48.66
6/26/2015,326.81,272.6,1175.52,284.13,95.472,77.9,75.99,41.79,49.39,76.08,20.2111,55.07,42.26,48.43
7/3/2015,312.01,274.48,1168.7,284.53,96.113,77.2,74.84,42.23,48.51,74.53,20.0081,54.23,41.74,48.17
7/10/2015,290.63,274.17,1163.74,289.33,96.025,77.67,75.28,42.97,47.7,73.49,20.0081,54.17,41.44,49.18
7/17/2015,280.66,275.02,1134.14,291.52,97.862,79.15,76.97,43.35,47.66,72.44,20.6171,54.92,43.44,50.07
7/24/2015,263.84,276.32,1099.11,289.92,97.244,78.85,74.85,42.33,45.08,69.51,20.3979,52.9,42.36,49.68
7/31/2015,258.25,277.89,1095.8,292.92,97.336,80.22,76.59,43.99,45.95,69.38,20.471,54.22,42.58,50.31
8/7/2015,240.97,277.93,1094.15,292.73,97.563,78.28,75.32,44.39,45.22,67.03,20.4628,53.69,42.12,50.16
8/14/2015,236.27,277.73,1115.07,297.03,96.52,78.36,75.38,45.57,45.72,69.34,20.5034,54.38,42.42,50.16
8/21/2015,221.69,280.6,1160.77,289.26,95.008,74.36,71.7,45.05,43.19,63.5,19.1961,51.46,39.56,47.71
8/28/2015,247.84,278.69,1133.6,281.04,96.106,75.56,71.8,43.15,43.6,65.75,19.188,51.75,40.6,47.64
9/4/2015,252.38,279.89,1121.85,268.58,96.229,73.85,68.68,40.96,42.05,63.79,18.3922,50.36,39.3,46.52
9/11/2015,246.93,279.42,1107.95,273.7,95.194,75.52,70.63,41.55,42.81,63.37,18.7738,51.51,40.46,47.1
9/18/2015,246.74,280.38,1139.23,280.74,94.863,75.46,70.91,42.23,41.88,63.1,18.4003,50.86,40.06,47.19
9/25/2015,250.47,280.11,1146.2,279.35,96.269,74.7,66.88,42.73,40.2,62.37,18.5221,49.81,39.81,47.48
10/2/2015,249.59,283.4,1138.6,281.74,95.83,75.88,68.29,43.35,41.36,63.85,18.4328,50.41,40.08,47.84
10/9/2015,273.68,281.51,1156.53,291.04,94.813,77.72,68.44,43.79,44.15,68.94,18.8713,53.38,41.48,49.46
10/16/2015,261.54,282.71,1177.3,294.19,94.54,78.29,69.76,44.78,44.09,69.23,19.123,52.55,41.97,49.63
10/23/2015,244.44,281.38,1164.45,297.32,97.127,79.63,69.33,44.59,45.02,68.26,19.6021,54.66,43.83,50.74
10/30/2015,255.34,279.77,1142.11,295.16,96.946,80.97,71.34,43.75,45.28,68.03,19.5534,54.27,43.65,49.88
11/6/2015,244.03,276.18,1089.8,289.53,99.168,81.42,71.75,42.25,45.33,69.8,20.0812,54.86,44.34,49.18
11/13/2015,230.19,277.25,1083.91,283.23,98.998,77.73,69.57,42.54,44.4,65.98,19.4235,53.52,42.37,47.83
11/20/2015,229.64,277.56,1078.01,293.57,99.565,81.23,71.52,43.39,45.53,66.9,20.0325,55.37,44.2,49.08
11/27/2015,228.6,278.49,1057.45,295.95,100.02,81.47,72.09,42.75,45.62,67.77,19.9594,55.095,43.91,49.96
12/4/2015,219.06,277.23,1086.44,292.58,98.354,81.22,71.78,42.47,45.82,64.7,20.1218,54.56,44.57,50.44
12/11/2015,204.15,279.96,1074.77,285.87,97.565,78.06,70.3,41.79,43.94,60.46,19.0418,52.61,42.8,49.48
12/18/2015,197.63,278.5,1066.25,289.9,98.703,77.33,70.49,42.51,42.27,58.79,18.92,51.74,42.17,49.34
12/25/2015,208.81,277.82,1076.1,295.81,97.847,78.48,72.45,43.47,44.11,61.57,19.4965,53.46,43.25,50.87
1/1/2016,203,277.25,1061.1,295.06,98.683,78.1608,72.03,43.28,43.42,60.32,19.3504,53.01,42.83,50.49
1/8/2016,183.01,280.57,1104.15,285.9,98.54,73.61,68.02,43.11,40.06,56.05,17.9456,49.72,40.09,49.02
1/15/2016,166.56,282.89,1088.88,277.23,98.956,71.5,66.87,43.41,38.25,54.35,17.3934,48.647,39.34,48.3
1/22/2016,176.42,282.73,1097.95,280.08,99.574,73.31,67.85,43.8,38.51,55.74,17.2797,48.64,40.38,49.29
1/29/2016,184.26,285.39,1118.21,282.85,99.606,74.11,66.47,45.42,38.77,58.21,17.637,49.99,41.24,50.76
2/5/2016,171.3,287.13,1173.4,275.18,97.031,70.16,64.4,46.57,40.61,55.94,17.0118,50.04,39.5,49.63
2/12/2016,174.89,288.7,1237.97,263.41,95.94,69.79,64.37,45.56,39.94,55.28,16.6382,49.67,39.27,50.07
2/19/2016,174.01,288.37,1226.8,274.01,96.6,72.74,65.93,46.2,40.75,56.81,17.0361,51.32,40.66,50.84
2/26/2016,179.66,288.01,1223.46,280.51,98.148,74.83,67.3,46.17,42.06,57.23,17.3122,52.45,41.26,51.09
3/4/2016,196.86,285.19,1258.95,291.62,97.34,76.72,67.41,47.11,43.46,60.96,18.0917,53.78,42.42,52.04
3/11/2016,219.72,283.55,1249.45,296.35,96.172,77.3,68.59,48.15,44.4,62.36,18.2623,54.04,42.87,52.45
3/18/2016,225.47,285.92,1255.4,302.23,95.086,78.09,66.84,48.63,45.42,63.49,18.4572,55.63,43.59,52.65
3/25/2016,216.27,285.52,1217.05,298.39,96.273,77.55,67.39,48.91,44.55,61.84,18.1161,55.12,43.62,52.32
4/1/2016,201.63,287.92,1222.6,307.2,94.619,79.43,68.55,49.81,45.24,61.06,18.4328,55.73,44.7,53.62
4/8/2016,220.48,289.56,1240.69,305.94,94.235,77.87,69.35,48.85,44.52,62.37,17.905,54.71,43.89,53.41
4/15/2016,228.6,288.71,1233.99,306.97,94.696,79.49,70.02,48.89,46.03,63.5392,18.5952,56.05,44.34,53.035
4/22/2016,239.67,286.13,1233.03,302.14,95.116,79.46,71.87,47.3492,47.21,67.04,19.123,56.41,43.44,51.96
4/29/2016,251.67,287.46,1293.53,301.54,93.082,79.2,69.7908,48.42,47.1,67.5,18.9281,56.16,42.13,52.3
5/6/2016,245.49,288.51,1288.99,313.09,93.888,79.28,69.18,48.83,46.16,65.27,18.782,55.64,42.25,53.24
5/13/2016,257.04,289.49,1273.45,309.18,94.608,78.11,69.14,49.39,45.95,64.99,18.579,55.05,42.21,53.24
5/20/2016,265.32,286.7,1251.98,302,95.334,77.7,69.69,48.29,46.28,66.16,18.8469,55.03,42.73,52.16
5/27/2016,270.36,286.89,1212.38,307.79,95.521,79.32,71.18,48.83,47.18,67.13,19.3341,55.93,44.1,53
6/3/2016,266.47,289.71,1244.2,310.39,94.029,79.11,72.29,50.08,47.66,66.54,19.0905,55.99,43.94,53.56
6/10/2016,271.79,290.98,1274.24,310.79,94.571,78.49,71.78,50.57,47.74,67.37,18.8063,56.47,43.96,54.13
6/17/2016,266.14,291.72,1298.65,312.24,94.206,77.93,70.06,50.55,47.2,66.89,18.3597,55.73,43.05,53.47
6/24/2016,261.1,292.87,1315.75,311.92,95.448,76.15,69.29,50.61,46.02,66.78,17.9293,54.38,42.28,53.1
7/1/2016,268.5,294.44,1341.35,324.91,95.649,78.87,72.16,52.48,46.36,68.6,18.4653,56.19,43.47,54.89
7/8/2016,249.65,296.05,1366.33,328.12,96.302,80.62,73.69,52.54,46.96,67.71,18.6114,57.23,44.13,55.69
7/15/2016,255.67,291.81,1337.45,329.73,96.58,80.98,74.08,52,48.78,69.23,19.0986,58.69,45.01,55.7
7/22/2016,242.19,292.38,1322.73,335.29,97.467,81.6,74.99,52.76,48.66,68.32,19.2286,58.29,45.83,55.5
7/29/2016,227.99,294.44,1351.28,336.63,95.53,81.62,75.2,52.12,48.69,67.38,19.2042,58.04,46.45,54.7
8/5/2016,229.94,292.45,1336,330.54,96.194,81.57,75.25,50.73,48.77,67.53,19.5047,58.31,47.05,54.59
8/12/2016,247.62,293.34,1335.97,329.63,95.722,82,74.78,50.9,48.42,68.7,19.3747,58.56,47.11,55.09
8/19/2016,269.15,292.07,1341.47,323.05,94.511,81.5,74.36,50.27,48.99,70.41,19.4965,59.02,47.02,54.92
8/26/2016,261.1,290.81,1321.18,321.74,95.566,80.94,73.07,49.15,48.73,69.38,19.5777,58.66,47.05,54.31
9/2/2016,243.56,291.66,1325.21,326.96,95.844,80.88,72.65,49.63,49.25,69.08,19.9513,58.93,47.35,54.82
9/9/2016,252.72,290.73,1327.83,314.17,95.336,78.43,71.51,48.46,47.44,69.7,19.5209,57.12,46.16,52.69
9/16/2016,239.07,290.86,1310.35,311.49,96.108,78.51,72.11,49.26,46.76,67.45,19.1799,56.61,47.21,52.79
9/23/2016,243.78,292.27,1337.56,324.43,95.477,79.67,73.11,50.94,47.31,67.64,19.38,57.72,47.49,53.34
9/30/2016,264.39,292.5,1315.87,318.03,95.463,80.04,72.11,48.99,47.75,70.61,19.3,58.38,47.78,53.21
10/7/2016,273.62,290.14,1257.08,301.7,96.632,79.74,71.87,47.12,46.86,70.61,19.62,57.56,47.62,52.33
10/14/2016,278.14,289.71,1251.03,305.54,98.019,78.89,69.62,47.75,46.32,69.8,19.42,57.23,47.37,52.37
10/21/2016,278.69,290.81,1266.46,307.43,98.695,79.59,69.71,48,47.06,70.19,19.65,56.99,47.53,52.23
10/28/2016,266.91,289.05,1275.47,297.6,98.348,78.04,67.78,48.46,46.73,69.37,19.77,57.1,47.44,52.67
11/4/2016,241.53,290.64,1305.06,291.45,97.065,76.73,66.48,47.95,46.4,67.77,19.49,56.47,46.18,51.61
11/11/2016,241.97,283.79,1227.64,288.27,99.06,79.72,70.49,46.03,48.15,69.46,21.67,61.05,46.73,50.54
11/18/2016,254.08,280.23,1207.89,290.04,101.21,81.2,69.7,46.29,48.32,71.13,22.16,61.3,47.36,50.5
11/25/2016,252.44,279.45,1183.56,294.84,101.49,82.98,69.48,47.16,49.56,72.72,22.41,62.71,48,51.22
12/2/2016,283.24,279.3,1177.43,293.01,100.77,81.44,68.41,46.8,49.98,74.83,22.65,62.81,46.69,50.57
12/9/2016,285.34,278.34,1159.86,304.2,101.59,84.31,68.85,47.96,51.5,76.6,23.75,63.98,48.65,52.04
12/16/2016,290.2,275.67,1134.88,301.6,102.95,82.69,69.58,48.41,50.42,76.51,23.36,62.58,48.59,52.05
12/23/2016,290.58,276.89,1133.3,301.54,103.01,82.45,69.46,48.61,50.27,76.35,23.58,62.99,48.97,52.06
12/30/2016,294.42,278.99,1147.5,304.84,102.21,81.4,68.94,48.57,49.7,75.32,23.25,62.22,48.36,51.71
1/6/2017,295.9,279.3,1172.63,310.95,102.22,83.32,70.95,48.83,50.62,75.89,23.54,63.14,49.4,52.12
1/13/2017,291.3,280.17,1197.34,305.59,101.18,83.96,70.92,48.51,50.87,74.38,23.51,63.22,49.66,51.52
1/20/2017,291.68,278.93,1210.32,307.08,100.74,83.93,69.84,48.64,51.09,74.54,23.15,63.44,49.8,52.58
1/27/2017,291.41,278.86,1191.2,304.85,100.53,85.06,69.75,48.39,52.81,74.23,23.65,64.49,50.74,52.38
2/3/2017,295.02,279.13,1220.3,307.11,99.868,84.49,71.42,48.9,52.08,73.4,23.72,63.62,50.69,53
2/10/2017,297.25,280.28,1233.62,310.72,100.8,85.73,71.86,49.29,52.1,73.28,23.78,64.73,51.32,53.62
